"Evaluation.Method"	"Search.Method"	"Classifier"	"Correct"	"Percentage.Correct"	"Incorrect"	"Percentage.Incorrect"	"Kappa"	"Error.Rate"	"True.Positives..BENIGN."	"True.Positive.Rate..BENIGN."	"True.Negatives..BENIGN."	"True.Negative.Rate..BENIGN."	"False.Positives..BENIGN."	"False.Positive.Rate..BENIGN."	"False.Negatives..BENIGN."	"False.Negative.Rate..BENIGN."	"Recall..BENIGN."	"Precision..BENIGN."	"F.Measure..BENIGN."	"ROC.Area..BENIGN."	"True.Positives..DELETERIOUS."	"True.Positive.Rate..DELETERIOUS."	"True.Negatives..DELETERIOUS."	"True.Negative.Rate..DELETERIOUS."	"False.Positives..DELETERIOUS."	"False.Positive.Rate..DELETERIOUS."	"False.Negatives..DELETERIOUS."	"False.Negative.Rate..DELETERIOUS."	"Recall..DELETERIOUS."	"Precision..DELETERIOUS."	"F.Measure..DELETERIOUS."	"ROC.Area..DELETERIOUS."	"Total.Instancies"
"CfsSubsetEval"	"BestFirst"	"BayesNet"	222.76	59.88172	149.24	40.11828	0.19766	0.40125	90.72	0.48774	132.04	0.70993	53.96	0.29007	95.28	0.51226	0.48774	0.62696	0.54828	0.63569	132.04	0.70993	90.72	0.48774	95.28	0.51226	53.96	0.29007	0.70993	0.58112	0.63893	0.63569	372
"WrapperSubsetEval(BayesNet)"	"BestFirst"	"BayesNet"	227.04	61.0323	144.96	38.9677	0.22067	0.38957	97.47	0.52408	129.57	0.69673	56.43	0.30327	88.53	0.47592	0.52408	0.63336	0.57345	0.60136	129.57	0.69673	97.47	0.52408	88.53	0.47592	56.43	0.30327	0.69673	0.59415	0.64133	0.60138	372
"WrapperSubsetEval(J48)"	"BestFirst"	"BayesNet"	202.59	54.45972	169.41	45.54028	0.08921	0.4554	73.48	0.39506	129.11	0.69421	56.89	0.30579	112.52	0.60494	0.39506	0.57076	0.46003	0.54645	129.11	0.69421	73.48	0.39506	112.52	0.60494	56.89	0.30579	0.69421	0.53419	0.60128	0.54645	372
"WrapperSubsetEval(KStar)"	"BestFirst"	"BayesNet"	203.23	54.63175	168.77	45.36825	0.09266	0.45364	78.11	0.41987	125.12	0.67271	60.88	0.32729	107.89	0.58013	0.41987	0.56381	0.47956	0.56881	125.12	0.67271	78.11	0.41987	107.89	0.58013	60.88	0.32729	0.67271	0.53685	0.59633	0.56883	372
"WrapperSubsetEval(LibSVM)"	"BestFirst"	"BayesNet"	211.91	56.96513	160.09	43.03487	0.13931	0.43026	95.39	0.51286	116.52	0.62648	69.48	0.37352	90.61	0.48714	0.51286	0.57878	0.54364	0.57008	116.52	0.62648	95.39	0.51286	90.61	0.48714	69.48	0.37352	0.62648	0.56254	0.59265	0.57008	372
"WrapperSubsetEval(PART)"	"BestFirst"	"BayesNet"	202.59	54.45972	169.41	45.54028	0.08921	0.4554	73.48	0.39506	129.11	0.69421	56.89	0.30579	112.52	0.60494	0.39506	0.57076	0.46003	0.54645	129.11	0.69421	73.48	0.39506	112.52	0.60494	56.89	0.30579	0.69421	0.53419	0.60128	0.54645	372
"CfsSubsetEval"	"GreedyStepwise"	"BayesNet"	222.76	59.88172	149.24	40.11828	0.19766	0.40125	90.72	0.48774	132.04	0.70993	53.96	0.29007	95.28	0.51226	0.48774	0.62696	0.54828	0.63569	132.04	0.70993	90.72	0.48774	95.28	0.51226	53.96	0.29007	0.70993	0.58112	0.63893	0.63569	372
"WrapperSubsetEval(BayesNet)"	"GreedyStepwise"	"BayesNet"	227.04	61.0323	144.96	38.9677	0.22067	0.38957	97.47	0.52408	129.57	0.69673	56.43	0.30327	88.53	0.47592	0.52408	0.63336	0.57345	0.60136	129.57	0.69673	97.47	0.52408	88.53	0.47592	56.43	0.30327	0.69673	0.59415	0.64133	0.60138	372
"WrapperSubsetEval(J48)"	"GreedyStepwise"	"BayesNet"	202.59	54.45972	169.41	45.54028	0.08921	0.4554	73.48	0.39506	129.11	0.69421	56.89	0.30579	112.52	0.60494	0.39506	0.57076	0.46003	0.54645	129.11	0.69421	73.48	0.39506	112.52	0.60494	56.89	0.30579	0.69421	0.53419	0.60128	0.54645	372
"WrapperSubsetEval(KStar)"	"GreedyStepwise"	"BayesNet"	203.23	54.63175	168.77	45.36825	0.09266	0.45364	78.11	0.41987	125.12	0.67271	60.88	0.32729	107.89	0.58013	0.41987	0.56381	0.47956	0.56881	125.12	0.67271	78.11	0.41987	107.89	0.58013	60.88	0.32729	0.67271	0.53685	0.59633	0.56883	372
"WrapperSubsetEval(LibSVM)"	"GreedyStepwise"	"BayesNet"	215.95	58.05136	156.05	41.94864	0.16092	0.41932	99.33	0.53393	116.62	0.62699	69.38	0.37301	86.67	0.46607	0.53393	0.58865	0.55985	0.537	116.62	0.62699	99.33	0.53393	86.67	0.46607	69.38	0.37301	0.62699	0.57383	0.59914	0.537	372
"WrapperSubsetEval(PART)"	"GreedyStepwise"	"BayesNet"	202.59	54.45972	169.41	45.54028	0.08921	0.4554	73.48	0.39506	129.11	0.69421	56.89	0.30579	112.52	0.60494	0.39506	0.57076	0.46003	0.54645	129.11	0.69421	73.48	0.39506	112.52	0.60494	56.89	0.30579	0.69421	0.53419	0.60128	0.54645	372
"CfsSubsetEval"	"MultiObjectiveEvolutionarySearch"	"BayesNet"	222.76	59.88172	149.24	40.11828	0.19766	0.40125	90.72	0.48774	132.04	0.70993	53.96	0.29007	95.28	0.51226	0.48774	0.62696	0.54828	0.63569	132.04	0.70993	90.72	0.48774	95.28	0.51226	53.96	0.29007	0.70993	0.58112	0.63893	0.63569	372
"WrapperSubsetEval(BayesNet)"	"MultiObjectiveEvolutionarySearch"	"BayesNet"	229.92	61.80649	142.08	38.19351	0.23614	0.38191	104.35	0.56107	125.57	0.67506	60.43	0.32494	81.65	0.43893	0.56107	0.63326	0.59486	0.61673	125.57	0.67506	104.35	0.56107	81.65	0.43893	60.43	0.32494	0.67506	0.60615	0.63865	0.61673	372
"WrapperSubsetEval(J48)"	"MultiObjectiveEvolutionarySearch"	"BayesNet"	225.02	60.48931	146.98	39.51069	0.20977	0.39509	116.65	0.62719	108.37	0.58268	77.63	0.41732	69.35	0.37281	0.62719	0.6003	0.61335	0.60295	108.37	0.58268	116.65	0.62719	69.35	0.37281	77.63	0.41732	0.58268	0.61	0.59597	0.60295	372
"WrapperSubsetEval(KStar)"	"MultiObjectiveEvolutionarySearch"	"BayesNet"	203.23	54.63175	168.77	45.36825	0.09266	0.45364	78.11	0.41987	125.12	0.67271	60.88	0.32729	107.89	0.58013	0.41987	0.56381	0.47956	0.56881	125.12	0.67271	78.11	0.41987	107.89	0.58013	60.88	0.32729	0.67271	0.53685	0.59633	0.56883	372
"WrapperSubsetEval(LibSVM)"	"MultiObjectiveEvolutionarySearch"	"BayesNet"	211.91	56.96513	160.09	43.03487	0.13931	0.43026	95.39	0.51286	116.52	0.62648	69.48	0.37352	90.61	0.48714	0.51286	0.57878	0.54364	0.57008	116.52	0.62648	95.39	0.51286	90.61	0.48714	69.48	0.37352	0.62648	0.56254	0.59265	0.57008	372
"WrapperSubsetEval(PART)"	"MultiObjectiveEvolutionarySearch"	"BayesNet"	225.02	60.48931	146.98	39.51069	0.20977	0.39509	116.65	0.62719	108.37	0.58268	77.63	0.41732	69.35	0.37281	0.62719	0.6003	0.61335	0.60295	108.37	0.58268	116.65	0.62719	69.35	0.37281	77.63	0.41732	0.58268	0.61	0.59597	0.60295	372
"original"	"original"	"BayesNet"	228.28	61.36561	143.72	38.63439	0.22731	0.38629	105.44	0.56694	122.84	0.66045	63.16	0.33955	80.56	0.43306	0.56694	0.62541	0.59454	0.62215	122.84	0.66045	105.44	0.56694	80.56	0.43306	63.16	0.33955	0.66045	0.60409	0.63085	0.62215	372
"CfsSubsetEval"	"PSOSearch"	"BayesNet"	222.76	59.88172	149.24	40.11828	0.19766	0.40125	90.72	0.48774	132.04	0.70993	53.96	0.29007	95.28	0.51226	0.48774	0.62696	0.54828	0.63569	132.04	0.70993	90.72	0.48774	95.28	0.51226	53.96	0.29007	0.70993	0.58112	0.63893	0.63569	372
"WrapperSubsetEval(BayesNet)"	"PSOSearch"	"BayesNet"	227.04	61.0323	144.96	38.9677	0.22067	0.38957	97.47	0.52408	129.57	0.69673	56.43	0.30327	88.53	0.47592	0.52408	0.63336	0.57345	0.60136	129.57	0.69673	97.47	0.52408	88.53	0.47592	56.43	0.30327	0.69673	0.59415	0.64133	0.60138	372
"WrapperSubsetEval(J48)"	"PSOSearch"	"BayesNet"	224.34	60.30647	147.66	39.69353	0.20618	0.39695	115.27	0.61979	109.07	0.5864	76.93	0.4136	70.73	0.38021	0.61979	0.59959	0.60946	0.61281	109.07	0.5864	115.27	0.61979	70.73	0.38021	76.93	0.4136	0.5864	0.60686	0.5964	0.61281	372
"WrapperSubsetEval(KStar)"	"PSOSearch"	"BayesNet"	212.96	57.24732	159.04	42.75268	0.145	0.42752	73.69	0.39615	139.27	0.74874	46.73	0.25126	112.31	0.60385	0.39615	0.61331	0.47985	0.60431	139.27	0.74874	73.69	0.39615	112.31	0.60385	46.73	0.25126	0.74874	0.55378	0.63617	0.60431	372
"WrapperSubsetEval(LibSVM)"	"PSOSearch"	"BayesNet"	215.95	58.05136	156.05	41.94864	0.16092	0.41932	99.33	0.53393	116.62	0.62699	69.38	0.37301	86.67	0.46607	0.53393	0.58865	0.55985	0.537	116.62	0.62699	99.33	0.53393	86.67	0.46607	69.38	0.37301	0.62699	0.57383	0.59914	0.537	372
"WrapperSubsetEval(PART)"	"PSOSearch"	"BayesNet"	227.34	61.11299	144.66	38.88701	0.22226	0.3888	101.91	0.54798	125.43	0.67431	60.57	0.32569	84.09	0.45202	0.54798	0.62718	0.58476	0.61652	125.43	0.67431	101.91	0.54798	84.09	0.45202	60.57	0.32569	0.67431	0.59884	0.63426	0.61652	372
"CfsSubsetEval"	"BestFirst"	"IBk"	234.07	62.92197	137.93	37.07803	0.25847	0.37086	121.6	0.6538	112.47	0.6047	73.53	0.3953	64.4	0.3462	0.6538	0.62316	0.63805	0.64127	112.47	0.6047	121.6	0.6538	64.4	0.3462	73.53	0.3953	0.6047	0.63601	0.61991	0.64163	372
"WrapperSubsetEval(BayesNet)"	"BestFirst"	"IBk"	234.85	63.13164	137.15	36.86836	0.26276	0.36875	104.09	0.55993	130.76	0.70295	55.24	0.29705	81.91	0.44007	0.55993	0.65347	0.60269	0.61244	130.76	0.70295	104.09	0.55993	81.91	0.44007	55.24	0.29705	0.70295	0.61469	0.65591	0.61254	372
"WrapperSubsetEval(J48)"	"BestFirst"	"IBk"	213.47	57.38443	158.53	42.61557	0.1477	0.42613	117.7	0.63289	95.77	0.51498	90.23	0.48502	68.3	0.36711	0.63289	0.56607	0.59746	0.58397	95.77	0.51498	117.7	0.63289	68.3	0.36711	90.23	0.48502	0.51498	0.58377	0.54703	0.58396	372
"WrapperSubsetEval(KStar)"	"BestFirst"	"IBk"	232.83	62.5887	139.17	37.4113	0.25175	0.37413	116.96	0.62885	115.87	0.62298	70.13	0.37702	69.04	0.37115	0.62885	0.62521	0.62695	0.62841	115.87	0.62298	116.96	0.62885	69.04	0.37115	70.13	0.37702	0.62298	0.62663	0.62473	0.62841	372
"WrapperSubsetEval(LibSVM)"	"BestFirst"	"IBk"	253.9	68.25266	118.1	31.74734	0.36503	0.31756	130.96	0.70411	122.94	0.66099	63.06	0.33901	55.04	0.29589	0.70411	0.67511	0.68918	0.68562	122.94	0.66099	130.96	0.70411	55.04	0.29589	63.06	0.33901	0.66099	0.69095	0.67547	0.68562	372
"WrapperSubsetEval(PART)"	"BestFirst"	"IBk"	221.3	59.4893	150.7	40.5107	0.18978	0.40515	124.62	0.66999	96.68	0.51983	89.32	0.48017	61.38	0.33001	0.66999	0.58249	0.62314	0.5997	96.68	0.51983	124.62	0.66999	61.38	0.33001	89.32	0.48017	0.51983	0.61174	0.56196	0.59971	372
"CfsSubsetEval"	"GreedyStepwise"	"IBk"	234.07	62.92197	137.93	37.07803	0.25847	0.37086	121.6	0.6538	112.47	0.6047	73.53	0.3953	64.4	0.3462	0.6538	0.62316	0.63805	0.64127	112.47	0.6047	121.6	0.6538	64.4	0.3462	73.53	0.3953	0.6047	0.63601	0.61991	0.64163	372
"WrapperSubsetEval(BayesNet)"	"GreedyStepwise"	"IBk"	234.85	63.13164	137.15	36.86836	0.26276	0.36875	104.09	0.55993	130.76	0.70295	55.24	0.29705	81.91	0.44007	0.55993	0.65347	0.60269	0.61244	130.76	0.70295	104.09	0.55993	81.91	0.44007	55.24	0.29705	0.70295	0.61469	0.65591	0.61254	372
"WrapperSubsetEval(J48)"	"GreedyStepwise"	"IBk"	213.47	57.38443	158.53	42.61557	0.1477	0.42613	117.7	0.63289	95.77	0.51498	90.23	0.48502	68.3	0.36711	0.63289	0.56607	0.59746	0.58397	95.77	0.51498	117.7	0.63289	68.3	0.36711	90.23	0.48502	0.51498	0.58377	0.54703	0.58396	372
"WrapperSubsetEval(KStar)"	"GreedyStepwise"	"IBk"	232.83	62.5887	139.17	37.4113	0.25175	0.37413	116.96	0.62885	115.87	0.62298	70.13	0.37702	69.04	0.37115	0.62885	0.62521	0.62695	0.62841	115.87	0.62298	116.96	0.62885	69.04	0.37115	70.13	0.37702	0.62298	0.62663	0.62473	0.62841	372
"WrapperSubsetEval(LibSVM)"	"GreedyStepwise"	"IBk"	244.65	65.76611	127.35	34.23389	0.31533	0.34238	130.32	0.70065	114.33	0.61473	71.67	0.38527	55.68	0.29935	0.70065	0.64523	0.67173	0.66962	114.33	0.61473	130.32	0.70065	55.68	0.29935	71.67	0.38527	0.61473	0.6727	0.64227	0.66962	372
"WrapperSubsetEval(PART)"	"GreedyStepwise"	"IBk"	221.3	59.4893	150.7	40.5107	0.18978	0.40515	124.62	0.66999	96.68	0.51983	89.32	0.48017	61.38	0.33001	0.66999	0.58249	0.62314	0.5997	96.68	0.51983	124.62	0.66999	61.38	0.33001	89.32	0.48017	0.51983	0.61174	0.56196	0.59971	372
"CfsSubsetEval"	"MultiObjectiveEvolutionarySearch"	"IBk"	234.07	62.92197	137.93	37.07803	0.25847	0.37086	121.6	0.6538	112.47	0.6047	73.53	0.3953	64.4	0.3462	0.6538	0.62316	0.63805	0.64127	112.47	0.6047	121.6	0.6538	64.4	0.3462	73.53	0.3953	0.6047	0.63601	0.61991	0.64163	372
"WrapperSubsetEval(BayesNet)"	"MultiObjectiveEvolutionarySearch"	"IBk"	237.13	63.74461	134.87	36.25539	0.27488	0.3625	122.63	0.65939	114.5	0.61564	71.5	0.38436	63.37	0.34061	0.65939	0.63168	0.64519	0.64873	114.5	0.61564	122.63	0.65939	63.37	0.34061	71.5	0.38436	0.61564	0.64392	0.62935	0.64795	372
"WrapperSubsetEval(J48)"	"MultiObjectiveEvolutionarySearch"	"IBk"	246.45	66.24995	125.55	33.75005	0.32493	0.33751	131.92	0.70923	114.53	0.61575	71.47	0.38425	54.08	0.29077	0.70923	0.64868	0.67755	0.66462	114.53	0.61575	131.92	0.70923	54.08	0.29077	71.47	0.38425	0.61575	0.67945	0.64587	0.66465	372
"WrapperSubsetEval(KStar)"	"MultiObjectiveEvolutionarySearch"	"IBk"	232.83	62.5887	139.17	37.4113	0.25175	0.37413	116.96	0.62885	115.87	0.62298	70.13	0.37702	69.04	0.37115	0.62885	0.62521	0.62695	0.62841	115.87	0.62298	116.96	0.62885	69.04	0.37115	70.13	0.37702	0.62298	0.62663	0.62473	0.62841	372
"WrapperSubsetEval(LibSVM)"	"MultiObjectiveEvolutionarySearch"	"IBk"	253.9	68.25266	118.1	31.74734	0.36503	0.31756	130.96	0.70411	122.94	0.66099	63.06	0.33901	55.04	0.29589	0.70411	0.67511	0.68918	0.68562	122.94	0.66099	130.96	0.70411	55.04	0.29589	63.06	0.33901	0.66099	0.69095	0.67547	0.68562	372
"WrapperSubsetEval(PART)"	"MultiObjectiveEvolutionarySearch"	"IBk"	246.45	66.24995	125.55	33.75005	0.32493	0.33751	131.92	0.70923	114.53	0.61575	71.47	0.38425	54.08	0.29077	0.70923	0.64868	0.67755	0.66462	114.53	0.61575	131.92	0.70923	54.08	0.29077	71.47	0.38425	0.61575	0.67945	0.64587	0.66465	372
"original"	"original"	"IBk"	233.24	62.69891	138.76	37.30109	0.25399	0.37301	115.53	0.62117	117.71	0.63285	68.29	0.36715	70.47	0.37883	0.62117	0.62855	0.62473	0.62865	117.71	0.63285	115.53	0.62117	70.47	0.37883	68.29	0.36715	0.63285	0.62562	0.62911	0.62865	372
"CfsSubsetEval"	"PSOSearch"	"IBk"	234.07	62.92197	137.93	37.07803	0.25847	0.37086	121.6	0.6538	112.47	0.6047	73.53	0.3953	64.4	0.3462	0.6538	0.62316	0.63805	0.64127	112.47	0.6047	121.6	0.6538	64.4	0.3462	73.53	0.3953	0.6047	0.63601	0.61991	0.64163	372
"WrapperSubsetEval(BayesNet)"	"PSOSearch"	"IBk"	234.85	63.13164	137.15	36.86836	0.26276	0.36875	104.09	0.55993	130.76	0.70295	55.24	0.29705	81.91	0.44007	0.55993	0.65347	0.60269	0.61244	130.76	0.70295	104.09	0.55993	81.91	0.44007	55.24	0.29705	0.70295	0.61469	0.65591	0.61254	372
"WrapperSubsetEval(J48)"	"PSOSearch"	"IBk"	246.46	66.25265	125.54	33.74735	0.32503	0.33747	130	0.69895	116.46	0.62618	69.54	0.37382	56	0.30105	0.69895	0.65162	0.67441	0.67154	116.46	0.62618	130	0.69895	56	0.30105	69.54	0.37382	0.62618	0.6753	0.64968	0.67153	372
"WrapperSubsetEval(KStar)"	"PSOSearch"	"IBk"	240.9	64.758	131.1	35.242	0.2951	0.35241	127.29	0.68433	113.61	0.6108	72.39	0.3892	58.71	0.31567	0.68433	0.63756	0.66004	0.64834	113.61	0.6108	127.29	0.68433	58.71	0.31567	72.39	0.3892	0.6108	0.65941	0.63411	0.64834	372
"WrapperSubsetEval(LibSVM)"	"PSOSearch"	"IBk"	244.65	65.76611	127.35	34.23389	0.31533	0.34238	130.32	0.70065	114.33	0.61473	71.67	0.38527	55.68	0.29935	0.70065	0.64523	0.67173	0.66962	114.33	0.61473	130.32	0.70065	55.68	0.29935	71.67	0.38527	0.61473	0.6727	0.64227	0.66962	372
"WrapperSubsetEval(PART)"	"PSOSearch"	"IBk"	237.14	63.7473	134.86	36.2527	0.27493	0.36248	122.65	0.6595	114.49	0.61559	71.51	0.38441	63.35	0.3405	0.6595	0.63169	0.64525	0.64873	114.49	0.61559	122.65	0.6595	63.35	0.3405	71.51	0.38441	0.61559	0.64397	0.62935	0.64794	372
"CfsSubsetEval"	"BestFirst"	"J48"	237.4	63.81716	134.6	36.18284	0.27632	0.36181	120.16	0.64611	117.24	0.63041	68.76	0.36959	65.84	0.35389	0.64611	0.63613	0.64087	0.64069	117.24	0.63041	120.16	0.64611	65.84	0.35389	68.76	0.36959	0.63041	0.64063	0.63528	0.64069	372
"WrapperSubsetEval(BayesNet)"	"BestFirst"	"J48"	212.1	57.01614	159.9	42.98386	0.14032	0.42979	95.44	0.51315	116.66	0.6272	69.34	0.3728	90.56	0.48685	0.51315	0.57955	0.54408	0.5585	116.66	0.6272	95.44	0.51315	90.56	0.48685	69.34	0.3728	0.6272	0.5629	0.5931	0.5585	372
"WrapperSubsetEval(J48)"	"BestFirst"	"J48"	238.66	64.15583	133.34	35.84417	0.28321	0.35846	119.88	0.64455	118.78	0.63866	67.22	0.36134	66.12	0.35545	0.64455	0.64083	0.64258	0.6231	118.78	0.63866	119.88	0.64455	66.12	0.35545	67.22	0.36134	0.63866	0.64243	0.64057	0.6231	372
"WrapperSubsetEval(KStar)"	"BestFirst"	"J48"	222.78	59.88714	149.22	40.11286	0.19777	0.40114	107.57	0.57837	115.21	0.61948	70.79	0.38052	78.43	0.42163	0.57837	0.60347	0.59007	0.61047	115.21	0.61948	107.57	0.57837	78.43	0.42163	70.79	0.38052	0.61948	0.59528	0.60659	0.61047	372
"WrapperSubsetEval(LibSVM)"	"BestFirst"	"J48"	219.69	59.05645	152.31	40.94355	0.18116	0.40945	77.67	0.41753	142.02	0.76356	43.98	0.23644	108.33	0.58247	0.41753	0.64	0.50472	0.57941	142.02	0.76356	77.67	0.41753	108.33	0.58247	43.98	0.23644	0.76356	0.56718	0.65069	0.57941	372
"WrapperSubsetEval(PART)"	"BestFirst"	"J48"	238.1	64.00533	133.9	35.99467	0.28007	0.35997	116.79	0.62791	121.31	0.65225	64.69	0.34775	69.21	0.37209	0.62791	0.64353	0.63557	0.62338	121.31	0.65225	116.79	0.62791	69.21	0.37209	64.69	0.34775	0.65225	0.63688	0.6444	0.62338	372
"CfsSubsetEval"	"GreedyStepwise"	"J48"	237.4	63.81716	134.6	36.18284	0.27632	0.36181	120.16	0.64611	117.24	0.63041	68.76	0.36959	65.84	0.35389	0.64611	0.63613	0.64087	0.64069	117.24	0.63041	120.16	0.64611	65.84	0.35389	68.76	0.36959	0.63041	0.64063	0.63528	0.64069	372
"WrapperSubsetEval(BayesNet)"	"GreedyStepwise"	"J48"	212.1	57.01614	159.9	42.98386	0.14032	0.42979	95.44	0.51315	116.66	0.6272	69.34	0.3728	90.56	0.48685	0.51315	0.57955	0.54408	0.5585	116.66	0.6272	95.44	0.51315	90.56	0.48685	69.34	0.3728	0.6272	0.5629	0.5931	0.5585	372
"WrapperSubsetEval(J48)"	"GreedyStepwise"	"J48"	238.66	64.15583	133.34	35.84417	0.28321	0.35846	119.88	0.64455	118.78	0.63866	67.22	0.36134	66.12	0.35545	0.64455	0.64083	0.64258	0.6231	118.78	0.63866	119.88	0.64455	66.12	0.35545	67.22	0.36134	0.63866	0.64243	0.64057	0.6231	372
"WrapperSubsetEval(KStar)"	"GreedyStepwise"	"J48"	222.78	59.88714	149.22	40.11286	0.19777	0.40114	107.57	0.57837	115.21	0.61948	70.79	0.38052	78.43	0.42163	0.57837	0.60347	0.59007	0.61047	115.21	0.61948	107.57	0.57837	78.43	0.42163	70.79	0.38052	0.61948	0.59528	0.60659	0.61047	372
"WrapperSubsetEval(LibSVM)"	"GreedyStepwise"	"J48"	226.37	60.85221	145.63	39.14779	0.21708	0.39143	69.65	0.37439	156.72	0.84254	29.28	0.15746	116.35	0.62561	0.37439	0.70541	0.48861	0.58907	156.72	0.84254	69.65	0.37439	116.35	0.62561	29.28	0.15746	0.84254	0.57391	0.68268	0.58907	372
"WrapperSubsetEval(PART)"	"GreedyStepwise"	"J48"	238.1	64.00533	133.9	35.99467	0.28007	0.35997	116.79	0.62791	121.31	0.65225	64.69	0.34775	69.21	0.37209	0.62791	0.64353	0.63557	0.62338	121.31	0.65225	116.79	0.62791	69.21	0.37209	64.69	0.34775	0.65225	0.63688	0.6444	0.62338	372
"CfsSubsetEval"	"MultiObjectiveEvolutionarySearch"	"J48"	237.4	63.81716	134.6	36.18284	0.27632	0.36181	120.16	0.64611	117.24	0.63041	68.76	0.36959	65.84	0.35389	0.64611	0.63613	0.64087	0.64069	117.24	0.63041	120.16	0.64611	65.84	0.35389	68.76	0.36959	0.63041	0.64063	0.63528	0.64069	372
"WrapperSubsetEval(BayesNet)"	"MultiObjectiveEvolutionarySearch"	"J48"	230.4	61.93547	141.6	38.06453	0.23876	0.38063	112.64	0.60564	117.76	0.63311	68.24	0.36689	73.36	0.39436	0.60564	0.62288	0.61387	0.63452	117.76	0.63311	112.64	0.60564	73.36	0.39436	68.24	0.36689	0.63311	0.61634	0.62443	0.63452	372
"WrapperSubsetEval(J48)"	"MultiObjectiveEvolutionarySearch"	"J48"	247.87	66.63166	124.13	33.36834	0.33265	0.3337	109.97	0.59132	137.9	0.74143	48.1	0.25857	76.03	0.40868	0.59132	0.6959	0.63911	0.66	137.9	0.74143	109.97	0.59132	76.03	0.40868	48.1	0.25857	0.74143	0.64474	0.68957	0.66	372
"WrapperSubsetEval(KStar)"	"MultiObjectiveEvolutionarySearch"	"J48"	222.78	59.88714	149.22	40.11286	0.19777	0.40114	107.57	0.57837	115.21	0.61948	70.79	0.38052	78.43	0.42163	0.57837	0.60347	0.59007	0.61047	115.21	0.61948	107.57	0.57837	78.43	0.42163	70.79	0.38052	0.61948	0.59528	0.60659	0.61047	372
"WrapperSubsetEval(LibSVM)"	"MultiObjectiveEvolutionarySearch"	"J48"	219.69	59.05645	152.31	40.94355	0.18116	0.40945	77.67	0.41753	142.02	0.76356	43.98	0.23644	108.33	0.58247	0.41753	0.64	0.50472	0.57941	142.02	0.76356	77.67	0.41753	108.33	0.58247	43.98	0.23644	0.76356	0.56718	0.65069	0.57941	372
"WrapperSubsetEval(PART)"	"MultiObjectiveEvolutionarySearch"	"J48"	247.87	66.63166	124.13	33.36834	0.33265	0.3337	109.97	0.59132	137.9	0.74143	48.1	0.25857	76.03	0.40868	0.59132	0.6959	0.63911	0.66	137.9	0.74143	109.97	0.59132	76.03	0.40868	48.1	0.25857	0.74143	0.64474	0.68957	0.66	372
"original"	"original"	"J48"	224.19	60.26621	147.81	39.73379	0.20534	0.39734	111.23	0.59801	112.96	0.60734	73.04	0.39266	74.77	0.40199	0.59801	0.60386	0.60072	0.60431	112.96	0.60734	111.23	0.59801	74.77	0.40199	73.04	0.39266	0.60734	0.60173	0.60432	0.60431	372
"CfsSubsetEval"	"PSOSearch"	"J48"	237.4	63.81716	134.6	36.18284	0.27632	0.36181	120.16	0.64611	117.24	0.63041	68.76	0.36959	65.84	0.35389	0.64611	0.63613	0.64087	0.64069	117.24	0.63041	120.16	0.64611	65.84	0.35389	68.76	0.36959	0.63041	0.64063	0.63528	0.64069	372
"WrapperSubsetEval(BayesNet)"	"PSOSearch"	"J48"	212.1	57.01614	159.9	42.98386	0.14032	0.42979	95.44	0.51315	116.66	0.6272	69.34	0.3728	90.56	0.48685	0.51315	0.57955	0.54408	0.5585	116.66	0.6272	95.44	0.51315	90.56	0.48685	69.34	0.3728	0.6272	0.5629	0.5931	0.5585	372
"WrapperSubsetEval(J48)"	"PSOSearch"	"J48"	234.1	62.93008	137.9	37.06992	0.25863	0.37073	103.9	0.55866	130.2	0.69999	55.8	0.30001	82.1	0.44134	0.55866	0.6511	0.60094	0.61885	130.2	0.69999	103.9	0.55866	82.1	0.44134	55.8	0.30001	0.69999	0.61332	0.65362	0.61885	372
"WrapperSubsetEval(KStar)"	"PSOSearch"	"J48"	221.06	59.42476	150.94	40.57524	0.1885	0.4058	100.4	0.53978	120.66	0.6487	65.34	0.3513	85.6	0.46022	0.53978	0.60593	0.57021	0.59117	120.66	0.6487	100.4	0.53978	85.6	0.46022	65.34	0.3513	0.6487	0.58546	0.615	0.59117	372
"WrapperSubsetEval(LibSVM)"	"PSOSearch"	"J48"	226.37	60.85221	145.63	39.14779	0.21708	0.39143	69.65	0.37439	156.72	0.84254	29.28	0.15746	116.35	0.62561	0.37439	0.70541	0.48861	0.58907	156.72	0.84254	69.65	0.37439	116.35	0.62561	29.28	0.15746	0.84254	0.57391	0.68268	0.58907	372
"WrapperSubsetEval(PART)"	"PSOSearch"	"J48"	231.83	62.31988	140.17	37.68012	0.24639	0.37678	114.13	0.61365	117.7	0.63281	68.3	0.36719	71.87	0.38635	0.61365	0.62567	0.61941	0.63863	117.7	0.63281	114.13	0.61365	71.87	0.38635	68.3	0.36719	0.63281	0.62106	0.62673	0.63863	372
"CfsSubsetEval"	"BestFirst"	"KStar"	229.93	61.80916	142.07	38.19084	0.23618	0.38189	108.79	0.58493	121.14	0.65139	64.86	0.34861	77.21	0.41507	0.58493	0.62649	0.60494	0.6521	121.14	0.65139	108.79	0.58493	77.21	0.41507	64.86	0.34861	0.65139	0.61084	0.63038	0.6521	372
"WrapperSubsetEval(BayesNet)"	"BestFirst"	"KStar"	224.79	60.42749	147.21	39.57251	0.20851	0.39571	96.2	0.5173	128.59	0.69141	57.41	0.30859	89.8	0.4827	0.5173	0.62622	0.5665	0.61885	128.59	0.69141	96.2	0.5173	89.8	0.4827	57.41	0.30859	0.69141	0.58884	0.63602	0.61885	372
"WrapperSubsetEval(J48)"	"BestFirst"	"KStar"	223.55	60.09409	148.45	39.90591	0.20188	0.39906	101.46	0.54554	122.09	0.6564	63.91	0.3436	84.54	0.45446	0.54554	0.61355	0.57748	0.6369	122.09	0.6564	101.46	0.54554	84.54	0.45446	63.91	0.3436	0.6564	0.59086	0.6219	0.6369	372
"WrapperSubsetEval(KStar)"	"BestFirst"	"KStar"	250.64	67.37628	121.36	32.62372	0.34747	0.32628	120.51	0.64798	130.13	0.69965	55.87	0.30035	65.49	0.35202	0.64798	0.68334	0.66507	0.71886	130.13	0.69965	120.51	0.64798	65.49	0.35202	55.87	0.30035	0.69965	0.6653	0.68204	0.71886	372
"WrapperSubsetEval(LibSVM)"	"BestFirst"	"KStar"	238.3	64.05908	133.7	35.94092	0.28118	0.35944	121.75	0.65464	116.55	0.62665	69.45	0.37335	64.25	0.34536	0.65464	0.63689	0.6455	0.69652	116.55	0.62665	121.75	0.65464	64.25	0.34536	69.45	0.37335	0.62665	0.64471	0.63542	0.69652	372
"WrapperSubsetEval(PART)"	"BestFirst"	"KStar"	213.66	57.4355	158.34	42.5645	0.14874	0.42558	98.07	0.52738	115.59	0.62151	70.41	0.37849	87.93	0.47262	0.52738	0.58213	0.5533	0.62142	115.59	0.62151	98.07	0.52738	87.93	0.47262	70.41	0.37849	0.62151	0.56798	0.59344	0.62142	372
"CfsSubsetEval"	"GreedyStepwise"	"KStar"	229.93	61.80916	142.07	38.19084	0.23618	0.38189	108.79	0.58493	121.14	0.65139	64.86	0.34861	77.21	0.41507	0.58493	0.62649	0.60494	0.6521	121.14	0.65139	108.79	0.58493	77.21	0.41507	64.86	0.34861	0.65139	0.61084	0.63038	0.6521	372
"WrapperSubsetEval(BayesNet)"	"GreedyStepwise"	"KStar"	224.79	60.42749	147.21	39.57251	0.20851	0.39571	96.2	0.5173	128.59	0.69141	57.41	0.30859	89.8	0.4827	0.5173	0.62622	0.5665	0.61885	128.59	0.69141	96.2	0.5173	89.8	0.4827	57.41	0.30859	0.69141	0.58884	0.63602	0.61885	372
"WrapperSubsetEval(J48)"	"GreedyStepwise"	"KStar"	223.55	60.09409	148.45	39.90591	0.20188	0.39906	101.46	0.54554	122.09	0.6564	63.91	0.3436	84.54	0.45446	0.54554	0.61355	0.57748	0.6369	122.09	0.6564	101.46	0.54554	84.54	0.45446	63.91	0.3436	0.6564	0.59086	0.6219	0.6369	372
"WrapperSubsetEval(KStar)"	"GreedyStepwise"	"KStar"	250.64	67.37628	121.36	32.62372	0.34747	0.32628	120.51	0.64798	130.13	0.69965	55.87	0.30035	65.49	0.35202	0.64798	0.68334	0.66507	0.71886	130.13	0.69965	120.51	0.64798	65.49	0.35202	55.87	0.30035	0.69965	0.6653	0.68204	0.71886	372
"WrapperSubsetEval(LibSVM)"	"GreedyStepwise"	"KStar"	232.01	62.36828	139.99	37.63172	0.24735	0.37627	112.31	0.60386	119.7	0.64357	66.3	0.35643	73.69	0.39614	0.60386	0.62879	0.61601	0.67184	119.7	0.64357	112.31	0.60386	73.69	0.39614	66.3	0.35643	0.64357	0.619	0.63102	0.67184	372
"WrapperSubsetEval(PART)"	"GreedyStepwise"	"KStar"	213.66	57.4355	158.34	42.5645	0.14874	0.42558	98.07	0.52738	115.59	0.62151	70.41	0.37849	87.93	0.47262	0.52738	0.58213	0.5533	0.62142	115.59	0.62151	98.07	0.52738	87.93	0.47262	70.41	0.37849	0.62151	0.56798	0.59344	0.62142	372
"CfsSubsetEval"	"MultiObjectiveEvolutionarySearch"	"KStar"	229.93	61.80916	142.07	38.19084	0.23618	0.38189	108.79	0.58493	121.14	0.65139	64.86	0.34861	77.21	0.41507	0.58493	0.62649	0.60494	0.6521	121.14	0.65139	108.79	0.58493	77.21	0.41507	64.86	0.34861	0.65139	0.61084	0.63038	0.6521	372
"WrapperSubsetEval(BayesNet)"	"MultiObjectiveEvolutionarySearch"	"KStar"	231.75	62.29837	140.25	37.70163	0.24594	0.37696	111.63	0.60022	120.12	0.64587	65.88	0.35413	74.37	0.39978	0.60022	0.62877	0.61408	0.64925	120.12	0.64587	111.63	0.60022	74.37	0.39978	65.88	0.35413	0.64587	0.61773	0.63142	0.64925	372
"WrapperSubsetEval(J48)"	"MultiObjectiveEvolutionarySearch"	"KStar"	230.73	62.02421	141.27	37.97579	0.24055	0.37982	109.25	0.58736	121.48	0.65313	64.52	0.34687	76.75	0.41264	0.58736	0.62881	0.60729	0.65994	121.48	0.65313	109.25	0.58736	76.75	0.41264	64.52	0.34687	0.65313	0.61284	0.63226	0.65994	372
"WrapperSubsetEval(KStar)"	"MultiObjectiveEvolutionarySearch"	"KStar"	250.64	67.37628	121.36	32.62372	0.34747	0.32628	120.51	0.64798	130.13	0.69965	55.87	0.30035	65.49	0.35202	0.64798	0.68334	0.66507	0.71886	130.13	0.69965	120.51	0.64798	65.49	0.35202	55.87	0.30035	0.69965	0.6653	0.68204	0.71886	372
"WrapperSubsetEval(LibSVM)"	"MultiObjectiveEvolutionarySearch"	"KStar"	238.3	64.05908	133.7	35.94092	0.28118	0.35944	121.75	0.65464	116.55	0.62665	69.45	0.37335	64.25	0.34536	0.65464	0.63689	0.6455	0.69652	116.55	0.62665	121.75	0.65464	64.25	0.34536	69.45	0.37335	0.62665	0.64471	0.63542	0.69652	372
"WrapperSubsetEval(PART)"	"MultiObjectiveEvolutionarySearch"	"KStar"	230.73	62.02421	141.27	37.97579	0.24055	0.37982	109.25	0.58736	121.48	0.65313	64.52	0.34687	76.75	0.41264	0.58736	0.62881	0.60729	0.65994	121.48	0.65313	109.25	0.58736	76.75	0.41264	64.52	0.34687	0.65313	0.61284	0.63226	0.65994	372
"original"	"original"	"KStar"	230.83	62.05108	141.17	37.94892	0.24104	0.37945	120.78	0.64939	110.05	0.59172	75.95	0.40828	65.22	0.35061	0.64939	0.61403	0.63121	0.7058	110.05	0.59172	120.78	0.64939	65.22	0.35061	75.95	0.40828	0.59172	0.62788	0.60911	0.7058	372
"CfsSubsetEval"	"PSOSearch"	"KStar"	229.93	61.80916	142.07	38.19084	0.23618	0.38189	108.79	0.58493	121.14	0.65139	64.86	0.34861	77.21	0.41507	0.58493	0.62649	0.60494	0.6521	121.14	0.65139	108.79	0.58493	77.21	0.41507	64.86	0.34861	0.65139	0.61084	0.63038	0.6521	372
"WrapperSubsetEval(BayesNet)"	"PSOSearch"	"KStar"	224.79	60.42749	147.21	39.57251	0.20851	0.39571	96.2	0.5173	128.59	0.69141	57.41	0.30859	89.8	0.4827	0.5173	0.62622	0.5665	0.61885	128.59	0.69141	96.2	0.5173	89.8	0.4827	57.41	0.30859	0.69141	0.58884	0.63602	0.61885	372
"WrapperSubsetEval(J48)"	"PSOSearch"	"KStar"	248.63	66.83601	123.37	33.16399	0.33676	0.33164	124.05	0.66693	124.58	0.66981	61.42	0.33019	61.95	0.33307	0.66693	0.66901	0.66788	0.71027	124.58	0.66981	124.05	0.66693	61.95	0.33307	61.42	0.33019	0.66981	0.66794	0.66876	0.71027	372
"WrapperSubsetEval(KStar)"	"PSOSearch"	"KStar"	256.81	69.03491	115.19	30.96509	0.38063	0.30963	127.84	0.68736	128.97	0.69341	57.03	0.30659	58.16	0.31264	0.68736	0.6916	0.68933	0.72316	128.97	0.69341	127.84	0.68736	58.16	0.31264	57.03	0.30659	0.69341	0.68928	0.69127	0.72316	372
"WrapperSubsetEval(LibSVM)"	"PSOSearch"	"KStar"	232.01	62.36828	139.99	37.63172	0.24735	0.37627	112.31	0.60386	119.7	0.64357	66.3	0.35643	73.69	0.39614	0.60386	0.62879	0.61601	0.67184	119.7	0.64357	112.31	0.60386	73.69	0.39614	66.3	0.35643	0.64357	0.619	0.63102	0.67184	372
"WrapperSubsetEval(PART)"	"PSOSearch"	"KStar"	231.38	62.19894	140.62	37.80106	0.24397	0.37802	112.04	0.60238	119.34	0.64161	66.66	0.35839	73.96	0.39762	0.60238	0.62695	0.61433	0.64177	119.34	0.64161	112.04	0.60238	73.96	0.39762	66.66	0.35839	0.64161	0.61742	0.62927	0.64177	372
"CfsSubsetEval"	"BestFirst"	"LibSVM"	217.6	58.49467	154.4	41.50533	0.16986	0.41505	95.05	0.51108	122.55	0.65891	63.45	0.34109	90.95	0.48892	0.51108	0.59961	0.55159	0.58495	122.55	0.65891	95.05	0.51108	90.95	0.48892	63.45	0.34109	0.65891	0.57418	0.61353	0.58495	372
"WrapperSubsetEval(BayesNet)"	"BestFirst"	"LibSVM"	217	58.333	155	41.667	0.167	0.417	99	0.532	118	0.634	68	0.366	87	0.468	0.532	0.593	0.561	0.583	118	0.634	99	0.532	87	0.468	68	0.366	0.634	0.576	0.604	0.583	372
"WrapperSubsetEval(J48)"	"BestFirst"	"LibSVM"	234.29	62.98114	137.71	37.01886	0.25961	0.37022	72.81	0.39145	161.48	0.86818	24.52	0.13182	113.19	0.60855	0.39145	0.74814	0.51379	0.62978	161.48	0.86818	72.81	0.39145	113.19	0.60855	24.52	0.13182	0.86818	0.58796	0.70111	0.62978	372
"WrapperSubsetEval(KStar)"	"BestFirst"	"LibSVM"	225.37	60.58337	146.63	39.41663	0.21167	0.39413	82.72	0.44467	142.65	0.7669	43.35	0.2331	103.28	0.55533	0.44467	0.65623	0.52995	0.60587	142.65	0.7669	82.72	0.44467	103.28	0.55533	43.35	0.2331	0.7669	0.58009	0.66054	0.60587	372
"WrapperSubsetEval(LibSVM)"	"BestFirst"	"LibSVM"	267.16	71.81719	104.84	28.18281	0.43629	0.28189	110.2	0.59251	156.96	0.84382	29.04	0.15618	75.8	0.40749	0.59251	0.79159	0.67759	0.71811	156.96	0.84382	110.2	0.59251	75.8	0.40749	29.04	0.15618	0.84382	0.6744	0.74965	0.71811	372
"WrapperSubsetEval(PART)"	"BestFirst"	"LibSVM"	232.63	62.53491	139.37	37.46509	0.25074	0.37466	74.38	0.3999	158.25	0.85075	27.75	0.14925	111.62	0.6001	0.3999	0.72828	0.51605	0.62534	158.25	0.85075	74.38	0.3999	111.62	0.6001	27.75	0.14925	0.85075	0.58649	0.69427	0.62534	372
"CfsSubsetEval"	"GreedyStepwise"	"LibSVM"	217.6	58.49467	154.4	41.50533	0.16986	0.41505	95.05	0.51108	122.55	0.65891	63.45	0.34109	90.95	0.48892	0.51108	0.59961	0.55159	0.58495	122.55	0.65891	95.05	0.51108	90.95	0.48892	63.45	0.34109	0.65891	0.57418	0.61353	0.58495	372
"WrapperSubsetEval(BayesNet)"	"GreedyStepwise"	"LibSVM"	217	58.333	155	41.667	0.167	0.417	99	0.532	118	0.634	68	0.366	87	0.468	0.532	0.593	0.561	0.583	118	0.634	99	0.532	87	0.468	68	0.366	0.634	0.576	0.604	0.583	372
"WrapperSubsetEval(J48)"	"GreedyStepwise"	"LibSVM"	234.29	62.98114	137.71	37.01886	0.25961	0.37022	72.81	0.39145	161.48	0.86818	24.52	0.13182	113.19	0.60855	0.39145	0.74814	0.51379	0.62978	161.48	0.86818	72.81	0.39145	113.19	0.60855	24.52	0.13182	0.86818	0.58796	0.70111	0.62978	372
"WrapperSubsetEval(KStar)"	"GreedyStepwise"	"LibSVM"	225.37	60.58337	146.63	39.41663	0.21167	0.39413	82.72	0.44467	142.65	0.7669	43.35	0.2331	103.28	0.55533	0.44467	0.65623	0.52995	0.60587	142.65	0.7669	82.72	0.44467	103.28	0.55533	43.35	0.2331	0.7669	0.58009	0.66054	0.60587	372
"WrapperSubsetEval(LibSVM)"	"GreedyStepwise"	"LibSVM"	270.78	72.79032	101.22	27.20968	0.45571	0.27217	106.23	0.57115	164.55	0.8846	21.45	0.1154	79.77	0.42885	0.57115	0.83199	0.67721	0.72783	164.55	0.8846	106.23	0.57115	79.77	0.42885	21.45	0.1154	0.8846	0.6736	0.76483	0.72783	372
"WrapperSubsetEval(PART)"	"GreedyStepwise"	"LibSVM"	232.63	62.53491	139.37	37.46509	0.25074	0.37466	74.38	0.3999	158.25	0.85075	27.75	0.14925	111.62	0.6001	0.3999	0.72828	0.51605	0.62534	158.25	0.85075	74.38	0.3999	111.62	0.6001	27.75	0.14925	0.85075	0.58649	0.69427	0.62534	372
"CfsSubsetEval"	"MultiObjectiveEvolutionarySearch"	"LibSVM"	217.6	58.49467	154.4	41.50533	0.16986	0.41505	95.05	0.51108	122.55	0.65891	63.45	0.34109	90.95	0.48892	0.51108	0.59961	0.55159	0.58495	122.55	0.65891	95.05	0.51108	90.95	0.48892	63.45	0.34109	0.65891	0.57418	0.61353	0.58495	372
"WrapperSubsetEval(BayesNet)"	"MultiObjectiveEvolutionarySearch"	"LibSVM"	225.44	60.60217	146.56	39.39783	0.21211	0.39396	112.04	0.60238	113.4	0.60972	72.6	0.39028	73.96	0.39762	0.60238	0.60673	0.60448	0.60604	113.4	0.60972	112.04	0.60238	73.96	0.39762	72.6	0.39028	0.60972	0.60543	0.60747	0.60604	372
"WrapperSubsetEval(J48)"	"MultiObjectiveEvolutionarySearch"	"LibSVM"	242.17	65.09944	129.83	34.90056	0.30198	0.34897	96.54	0.51905	145.63	0.78298	40.37	0.21702	89.46	0.48095	0.51905	0.70523	0.59784	0.65103	145.63	0.78298	96.54	0.51905	89.46	0.48095	40.37	0.21702	0.78298	0.61953	0.6917	0.65103	372
"WrapperSubsetEval(KStar)"	"MultiObjectiveEvolutionarySearch"	"LibSVM"	225.37	60.58337	146.63	39.41663	0.21167	0.39413	82.72	0.44467	142.65	0.7669	43.35	0.2331	103.28	0.55533	0.44467	0.65623	0.52995	0.60587	142.65	0.7669	82.72	0.44467	103.28	0.55533	43.35	0.2331	0.7669	0.58009	0.66054	0.60587	372
"WrapperSubsetEval(LibSVM)"	"MultiObjectiveEvolutionarySearch"	"LibSVM"	267.16	71.81719	104.84	28.18281	0.43629	0.28189	110.2	0.59251	156.96	0.84382	29.04	0.15618	75.8	0.40749	0.59251	0.79159	0.67759	0.71811	156.96	0.84382	110.2	0.59251	75.8	0.40749	29.04	0.15618	0.84382	0.6744	0.74965	0.71811	372
"WrapperSubsetEval(PART)"	"MultiObjectiveEvolutionarySearch"	"LibSVM"	242.17	65.09944	129.83	34.90056	0.30198	0.34897	96.54	0.51905	145.63	0.78298	40.37	0.21702	89.46	0.48095	0.51905	0.70523	0.59784	0.65103	145.63	0.78298	96.54	0.51905	89.46	0.48095	40.37	0.21702	0.78298	0.61953	0.6917	0.65103	372
"original"	"original"	"LibSVM"	244.58	65.74732	127.42	34.25268	0.31492	0.3425	77.64	0.41734	166.94	0.89746	19.06	0.10254	108.36	0.58266	0.41734	0.80298	0.54893	0.6575	166.94	0.89746	77.64	0.41734	108.36	0.58266	19.06	0.10254	0.89746	0.60648	0.72377	0.6575	372
"CfsSubsetEval"	"PSOSearch"	"LibSVM"	217.6	58.49467	154.4	41.50533	0.16986	0.41505	95.05	0.51108	122.55	0.65891	63.45	0.34109	90.95	0.48892	0.51108	0.59961	0.55159	0.58495	122.55	0.65891	95.05	0.51108	90.95	0.48892	63.45	0.34109	0.65891	0.57418	0.61353	0.58495	372
"WrapperSubsetEval(BayesNet)"	"PSOSearch"	"LibSVM"	217	58.333	155	41.667	0.167	0.417	99	0.532	118	0.634	68	0.366	87	0.468	0.532	0.593	0.561	0.583	118	0.634	99	0.532	87	0.468	68	0.366	0.634	0.576	0.604	0.583	372
"WrapperSubsetEval(J48)"	"PSOSearch"	"LibSVM"	236.4	63.54833	135.6	36.45167	0.27095	0.36454	99.61	0.53556	136.79	0.73546	49.21	0.26454	86.39	0.46444	0.53556	0.66947	0.59487	0.63546	136.79	0.73546	99.61	0.53556	86.39	0.46444	49.21	0.26454	0.73546	0.61296	0.66854	0.63546	372
"WrapperSubsetEval(KStar)"	"PSOSearch"	"LibSVM"	238.56	64.12898	133.44	35.87102	0.28257	0.35873	66.98	0.36013	171.58	0.92242	14.42	0.07758	119.02	0.63987	0.36013	0.8227	0.50075	0.64127	171.58	0.92242	66.98	0.36013	119.02	0.63987	14.42	0.07758	0.92242	0.59053	0.72002	0.64127	372
"WrapperSubsetEval(LibSVM)"	"PSOSearch"	"LibSVM"	270.78	72.79032	101.22	27.20968	0.45571	0.27217	106.23	0.57115	164.55	0.8846	21.45	0.1154	79.77	0.42885	0.57115	0.83199	0.67721	0.72783	164.55	0.8846	106.23	0.57115	79.77	0.42885	21.45	0.1154	0.8846	0.6736	0.76483	0.72783	372
"WrapperSubsetEval(PART)"	"PSOSearch"	"LibSVM"	219.19	58.92216	152.81	41.07784	0.17843	0.41077	92.56	0.49759	126.63	0.68084	59.37	0.31916	93.44	0.50241	0.49759	0.60936	0.54766	0.58923	126.63	0.68084	92.56	0.49759	93.44	0.50241	59.37	0.31916	0.68084	0.57546	0.62367	0.58923	372
"CfsSubsetEval"	"BestFirst"	"MultilayerPerceptron"	225.38	60.5861	146.62	39.4139	0.21172	0.39416	110.72	0.59531	114.66	0.61646	71.34	0.38354	75.28	0.40469	0.59531	0.60847	0.60103	0.63398	114.66	0.61646	110.72	0.59531	75.28	0.40469	71.34	0.38354	0.61646	0.60437	0.60966	0.63398	372
"WrapperSubsetEval(BayesNet)"	"BestFirst"	"MultilayerPerceptron"	222.38	59.77964	149.62	40.22036	0.19555	0.40222	102.9	0.5533	119.48	0.6424	66.52	0.3576	83.1	0.4467	0.5533	0.60849	0.57841	0.61844	119.48	0.6424	102.9	0.5533	83.1	0.4467	66.52	0.3576	0.6424	0.59007	0.61425	0.61844	372
"WrapperSubsetEval(J48)"	"BestFirst"	"MultilayerPerceptron"	224.19	60.26618	147.81	39.73382	0.2053	0.39735	107.01	0.57537	117.18	0.63005	68.82	0.36995	78.99	0.42463	0.57537	0.60932	0.59077	0.63172	117.18	0.63005	107.01	0.57537	78.99	0.42463	68.82	0.36995	0.63005	0.5979	0.61266	0.63172	372
"WrapperSubsetEval(KStar)"	"BestFirst"	"MultilayerPerceptron"	224.49	60.34682	147.51	39.65318	0.20691	0.39648	111.46	0.59928	113.03	0.60769	72.97	0.39231	74.54	0.40072	0.59928	0.60469	0.60116	0.63021	113.03	0.60769	111.46	0.59928	74.54	0.40072	72.97	0.39231	0.60769	0.60339	0.60472	0.63021	372
"WrapperSubsetEval(LibSVM)"	"BestFirst"	"MultilayerPerceptron"	215.43	57.91133	156.57	42.08867	0.15821	0.42087	95.83	0.51518	119.6	0.64305	66.4	0.35695	90.17	0.48482	0.51518	0.59206	0.54978	0.58649	119.6	0.64305	95.83	0.51518	90.17	0.48482	66.4	0.35695	0.64305	0.57006	0.6036	0.58649	372
"WrapperSubsetEval(PART)"	"BestFirst"	"MultilayerPerceptron"	225.18	60.53229	146.82	39.46771	0.21065	0.39464	109.78	0.59025	115.4	0.62044	70.6	0.37956	76.22	0.40975	0.59025	0.60952	0.59844	0.63694	115.4	0.62044	109.78	0.59025	76.22	0.40975	70.6	0.37956	0.62044	0.60293	0.61055	0.63694	372
"CfsSubsetEval"	"GreedyStepwise"	"MultilayerPerceptron"	225.38	60.5861	146.62	39.4139	0.21172	0.39416	110.72	0.59531	114.66	0.61646	71.34	0.38354	75.28	0.40469	0.59531	0.60847	0.60103	0.63398	114.66	0.61646	110.72	0.59531	75.28	0.40469	71.34	0.38354	0.61646	0.60437	0.60966	0.63398	372
"WrapperSubsetEval(BayesNet)"	"GreedyStepwise"	"MultilayerPerceptron"	222.38	59.77964	149.62	40.22036	0.19555	0.40222	102.9	0.5533	119.48	0.6424	66.52	0.3576	83.1	0.4467	0.5533	0.60849	0.57841	0.61844	119.48	0.6424	102.9	0.5533	83.1	0.4467	66.52	0.3576	0.6424	0.59007	0.61425	0.61844	372
"WrapperSubsetEval(J48)"	"GreedyStepwise"	"MultilayerPerceptron"	224.19	60.26618	147.81	39.73382	0.2053	0.39735	107.01	0.57537	117.18	0.63005	68.82	0.36995	78.99	0.42463	0.57537	0.60932	0.59077	0.63172	117.18	0.63005	107.01	0.57537	78.99	0.42463	68.82	0.36995	0.63005	0.5979	0.61266	0.63172	372
"WrapperSubsetEval(KStar)"	"GreedyStepwise"	"MultilayerPerceptron"	224.49	60.34682	147.51	39.65318	0.20691	0.39648	111.46	0.59928	113.03	0.60769	72.97	0.39231	74.54	0.40072	0.59928	0.60469	0.60116	0.63021	113.03	0.60769	111.46	0.59928	74.54	0.40072	72.97	0.39231	0.60769	0.60339	0.60472	0.63021	372
"WrapperSubsetEval(LibSVM)"	"GreedyStepwise"	"MultilayerPerceptron"	218.03	58.61024	153.97	41.38976	0.17222	0.41391	93.45	0.50239	124.58	0.66975	61.42	0.33025	92.55	0.49761	0.50239	0.60493	0.54757	0.60127	124.58	0.66975	93.45	0.50239	92.55	0.49761	61.42	0.33025	0.66975	0.57387	0.61733	0.60127	372
"WrapperSubsetEval(PART)"	"GreedyStepwise"	"MultilayerPerceptron"	225.18	60.53229	146.82	39.46771	0.21065	0.39464	109.78	0.59025	115.4	0.62044	70.6	0.37956	76.22	0.40975	0.59025	0.60952	0.59844	0.63694	115.4	0.62044	109.78	0.59025	76.22	0.40975	70.6	0.37956	0.62044	0.60293	0.61055	0.63694	372
"CfsSubsetEval"	"MultiObjectiveEvolutionarySearch"	"MultilayerPerceptron"	225.38	60.5861	146.62	39.4139	0.21172	0.39416	110.72	0.59531	114.66	0.61646	71.34	0.38354	75.28	0.40469	0.59531	0.60847	0.60103	0.63398	114.66	0.61646	110.72	0.59531	75.28	0.40469	71.34	0.38354	0.61646	0.60437	0.60966	0.63398	372
"WrapperSubsetEval(BayesNet)"	"MultiObjectiveEvolutionarySearch"	"MultilayerPerceptron"	223.47	60.07259	148.53	39.92741	0.20146	0.39926	110.58	0.59456	112.89	0.60697	73.11	0.39303	75.42	0.40544	0.59456	0.60248	0.59766	0.63183	112.89	0.60697	110.58	0.59456	75.42	0.40544	73.11	0.39303	0.60697	0.60013	0.60267	0.63183	372
"WrapperSubsetEval(J48)"	"MultiObjectiveEvolutionarySearch"	"MultilayerPerceptron"	231.96	62.35486	140.04	37.64514	0.2471	0.37643	100.85	0.54221	131.11	0.70488	54.89	0.29512	85.15	0.45779	0.54221	0.6489	0.58974	0.6441	131.11	0.70488	100.85	0.54221	85.15	0.45779	54.89	0.29512	0.70488	0.6065	0.65139	0.6441	372
"WrapperSubsetEval(KStar)"	"MultiObjectiveEvolutionarySearch"	"MultilayerPerceptron"	224.49	60.34682	147.51	39.65318	0.20691	0.39648	111.46	0.59928	113.03	0.60769	72.97	0.39231	74.54	0.40072	0.59928	0.60469	0.60116	0.63021	113.03	0.60769	111.46	0.59928	74.54	0.40072	72.97	0.39231	0.60769	0.60339	0.60472	0.63021	372
"WrapperSubsetEval(LibSVM)"	"MultiObjectiveEvolutionarySearch"	"MultilayerPerceptron"	215.43	57.91133	156.57	42.08867	0.15821	0.42087	95.83	0.51518	119.6	0.64305	66.4	0.35695	90.17	0.48482	0.51518	0.59206	0.54978	0.58649	119.6	0.64305	95.83	0.51518	90.17	0.48482	66.4	0.35695	0.64305	0.57006	0.6036	0.58649	372
"WrapperSubsetEval(PART)"	"MultiObjectiveEvolutionarySearch"	"MultilayerPerceptron"	231.96	62.35486	140.04	37.64514	0.2471	0.37643	100.85	0.54221	131.11	0.70488	54.89	0.29512	85.15	0.45779	0.54221	0.6489	0.58974	0.6441	131.11	0.70488	100.85	0.54221	85.15	0.45779	54.89	0.29512	0.70488	0.6065	0.65139	0.6441	372
"original"	"original"	"MultilayerPerceptron"	217.81	58.55108	154.19	41.44892	0.17109	0.41447	105.68	0.56819	112.13	0.6029	73.87	0.3971	80.32	0.43181	0.56819	0.58931	0.57758	0.60355	112.13	0.6029	105.68	0.56819	80.32	0.43181	73.87	0.3971	0.6029	0.58295	0.59191	0.60355	372
"CfsSubsetEval"	"PSOSearch"	"MultilayerPerceptron"	225.38	60.5861	146.62	39.4139	0.21172	0.39416	110.72	0.59531	114.66	0.61646	71.34	0.38354	75.28	0.40469	0.59531	0.60847	0.60103	0.63398	114.66	0.61646	110.72	0.59531	75.28	0.40469	71.34	0.38354	0.61646	0.60437	0.60966	0.63398	372
"WrapperSubsetEval(BayesNet)"	"PSOSearch"	"MultilayerPerceptron"	222.38	59.77964	149.62	40.22036	0.19555	0.40222	102.9	0.5533	119.48	0.6424	66.52	0.3576	83.1	0.4467	0.5533	0.60849	0.57841	0.61844	119.48	0.6424	102.9	0.5533	83.1	0.4467	66.52	0.3576	0.6424	0.59007	0.61425	0.61844	372
"WrapperSubsetEval(J48)"	"PSOSearch"	"MultilayerPerceptron"	222.52	59.81724	149.48	40.18276	0.19638	0.40182	105.47	0.56712	117.05	0.62931	68.95	0.37069	80.53	0.43288	0.56712	0.60554	0.58479	0.62388	117.05	0.62931	105.47	0.56712	80.53	0.43288	68.95	0.37069	0.62931	0.59266	0.60971	0.62388	372
"WrapperSubsetEval(KStar)"	"PSOSearch"	"MultilayerPerceptron"	218.55	58.75001	153.45	41.24999	0.17499	0.41251	95.69	0.5145	122.86	0.66056	63.14	0.33944	90.31	0.4855	0.5145	0.60272	0.55398	0.60476	122.86	0.66056	95.69	0.5145	90.31	0.4855	63.14	0.33944	0.66056	0.57699	0.61534	0.60476	372
"WrapperSubsetEval(LibSVM)"	"PSOSearch"	"MultilayerPerceptron"	218.03	58.61024	153.97	41.38976	0.17222	0.41391	93.45	0.50239	124.58	0.66975	61.42	0.33025	92.55	0.49761	0.50239	0.60493	0.54757	0.60127	124.58	0.66975	93.45	0.50239	92.55	0.49761	61.42	0.33025	0.66975	0.57387	0.61733	0.60127	372
"WrapperSubsetEval(PART)"	"PSOSearch"	"MultilayerPerceptron"	223.17	59.992	148.83	40.008	0.19988	0.40009	110.76	0.59552	112.41	0.60441	73.59	0.39559	75.24	0.40448	0.59552	0.60145	0.59745	0.63018	112.41	0.60441	110.76	0.59552	75.24	0.40448	73.59	0.39559	0.60441	0.59979	0.60111	0.63018	372
"CfsSubsetEval"	"BestFirst"	"PART"	233.42	62.74729	138.58	37.25271	0.25497	0.37252	118.21	0.63552	115.21	0.61946	70.79	0.38054	67.79	0.36448	0.63552	0.62556	0.63023	0.62906	115.21	0.61946	118.21	0.63552	67.79	0.36448	70.79	0.38054	0.61946	0.62989	0.62433	0.62906	372
"WrapperSubsetEval(BayesNet)"	"BestFirst"	"PART"	224.43	60.33069	147.57	39.66931	0.20662	0.39663	101.41	0.54529	123.02	0.66143	62.98	0.33857	84.59	0.45471	0.54529	0.61727	0.57881	0.60146	123.02	0.66143	101.41	0.54529	84.59	0.45471	62.98	0.33857	0.66143	0.59249	0.62489	0.60146	372
"WrapperSubsetEval(J48)"	"BestFirst"	"PART"	238.7	64.16661	133.3	35.83339	0.28337	0.35839	119.83	0.6443	118.87	0.63914	67.13	0.36086	66.17	0.3557	0.6443	0.64104	0.64254	0.60358	118.87	0.63914	119.83	0.6443	66.17	0.3557	67.13	0.36086	0.63914	0.64245	0.64077	0.60358	372
"WrapperSubsetEval(KStar)"	"BestFirst"	"PART"	218.56	58.75271	153.44	41.24729	0.17511	0.41247	111.13	0.59752	107.43	0.57759	78.57	0.42241	74.87	0.40248	0.59752	0.58608	0.59096	0.60822	107.43	0.57759	111.13	0.59752	74.87	0.40248	78.57	0.42241	0.57759	0.5899	0.58298	0.60822	372
"WrapperSubsetEval(LibSVM)"	"BestFirst"	"PART"	214.36	57.62365	157.64	42.37635	0.15253	0.42372	77.55	0.41686	136.81	0.73557	49.19	0.26443	108.45	0.58314	0.41686	0.61397	0.49524	0.58221	136.81	0.73557	77.55	0.41686	108.45	0.58314	49.19	0.26443	0.73557	0.55786	0.63398	0.58221	372
"WrapperSubsetEval(PART)"	"BestFirst"	"PART"	234.96	63.16128	137.04	36.83872	0.26316	0.36837	110.69	0.59516	124.27	0.66807	61.73	0.33193	75.31	0.40484	0.59516	0.64172	0.61718	0.62937	124.27	0.66807	110.69	0.59516	75.31	0.40484	61.73	0.33193	0.66807	0.62334	0.64464	0.62937	372
"CfsSubsetEval"	"GreedyStepwise"	"PART"	233.42	62.74729	138.58	37.25271	0.25497	0.37252	118.21	0.63552	115.21	0.61946	70.79	0.38054	67.79	0.36448	0.63552	0.62556	0.63023	0.62906	115.21	0.61946	118.21	0.63552	67.79	0.36448	70.79	0.38054	0.61946	0.62989	0.62433	0.62906	372
"WrapperSubsetEval(BayesNet)"	"GreedyStepwise"	"PART"	224.43	60.33069	147.57	39.66931	0.20662	0.39663	101.41	0.54529	123.02	0.66143	62.98	0.33857	84.59	0.45471	0.54529	0.61727	0.57881	0.60146	123.02	0.66143	101.41	0.54529	84.59	0.45471	62.98	0.33857	0.66143	0.59249	0.62489	0.60146	372
"WrapperSubsetEval(J48)"	"GreedyStepwise"	"PART"	238.7	64.16661	133.3	35.83339	0.28337	0.35839	119.83	0.6443	118.87	0.63914	67.13	0.36086	66.17	0.3557	0.6443	0.64104	0.64254	0.60358	118.87	0.63914	119.83	0.6443	66.17	0.3557	67.13	0.36086	0.63914	0.64245	0.64077	0.60358	372
"WrapperSubsetEval(KStar)"	"GreedyStepwise"	"PART"	218.56	58.75271	153.44	41.24729	0.17511	0.41247	111.13	0.59752	107.43	0.57759	78.57	0.42241	74.87	0.40248	0.59752	0.58608	0.59096	0.60822	107.43	0.57759	111.13	0.59752	74.87	0.40248	78.57	0.42241	0.57759	0.5899	0.58298	0.60822	372
"WrapperSubsetEval(LibSVM)"	"GreedyStepwise"	"PART"	222.81	59.89515	149.19	40.10485	0.19794	0.40101	67.75	0.36419	155.06	0.83366	30.94	0.16634	118.25	0.63581	0.36419	0.68847	0.4756	0.59538	155.06	0.83366	67.75	0.36419	118.25	0.63581	30.94	0.16634	0.83366	0.56731	0.67498	0.59538	372
"WrapperSubsetEval(PART)"	"GreedyStepwise"	"PART"	234.96	63.16128	137.04	36.83872	0.26316	0.36837	110.69	0.59516	124.27	0.66807	61.73	0.33193	75.31	0.40484	0.59516	0.64172	0.61718	0.62937	124.27	0.66807	110.69	0.59516	75.31	0.40484	61.73	0.33193	0.66807	0.62334	0.64464	0.62937	372
"CfsSubsetEval"	"MultiObjectiveEvolutionarySearch"	"PART"	233.42	62.74729	138.58	37.25271	0.25497	0.37252	118.21	0.63552	115.21	0.61946	70.79	0.38054	67.79	0.36448	0.63552	0.62556	0.63023	0.62906	115.21	0.61946	118.21	0.63552	67.79	0.36448	70.79	0.38054	0.61946	0.62989	0.62433	0.62906	372
"WrapperSubsetEval(BayesNet)"	"MultiObjectiveEvolutionarySearch"	"PART"	233.04	62.64511	138.96	37.35489	0.25291	0.37356	119.05	0.64006	113.99	0.61292	72.01	0.38708	66.95	0.35994	0.64006	0.62304	0.63121	0.64153	113.99	0.61292	119.05	0.64006	66.95	0.35994	72.01	0.38708	0.61292	0.63049	0.62129	0.64153	372
"WrapperSubsetEval(J48)"	"MultiObjectiveEvolutionarySearch"	"PART"	235.61	63.33607	136.39	36.66393	0.26668	0.36663	101.56	0.54606	134.05	0.72072	51.95	0.27928	84.44	0.45394	0.54606	0.66206	0.59779	0.64352	134.05	0.72072	101.56	0.54606	84.44	0.45394	51.95	0.27928	0.72072	0.61388	0.6627	0.64352	372
"WrapperSubsetEval(KStar)"	"MultiObjectiveEvolutionarySearch"	"PART"	218.56	58.75271	153.44	41.24729	0.17511	0.41247	111.13	0.59752	107.43	0.57759	78.57	0.42241	74.87	0.40248	0.59752	0.58608	0.59096	0.60822	107.43	0.57759	111.13	0.59752	74.87	0.40248	78.57	0.42241	0.57759	0.5899	0.58298	0.60822	372
"WrapperSubsetEval(LibSVM)"	"MultiObjectiveEvolutionarySearch"	"PART"	214.36	57.62365	157.64	42.37635	0.15253	0.42372	77.55	0.41686	136.81	0.73557	49.19	0.26443	108.45	0.58314	0.41686	0.61397	0.49524	0.58221	136.81	0.73557	77.55	0.41686	108.45	0.58314	49.19	0.26443	0.73557	0.55786	0.63398	0.58221	372
"WrapperSubsetEval(PART)"	"MultiObjectiveEvolutionarySearch"	"PART"	235.61	63.33607	136.39	36.66393	0.26668	0.36663	101.56	0.54606	134.05	0.72072	51.95	0.27928	84.44	0.45394	0.54606	0.66206	0.59779	0.64352	134.05	0.72072	101.56	0.54606	84.44	0.45394	51.95	0.27928	0.72072	0.61388	0.6627	0.64352	372
"original"	"original"	"PART"	219.74	59.06994	152.26	40.93006	0.18141	0.40932	109.14	0.5868	110.6	0.59465	75.4	0.40535	76.86	0.4132	0.5868	0.59172	0.58887	0.60626	110.6	0.59465	109.14	0.5868	76.86	0.4132	75.4	0.40535	0.59465	0.59012	0.59205	0.60626	372
"CfsSubsetEval"	"PSOSearch"	"PART"	233.42	62.74729	138.58	37.25271	0.25497	0.37252	118.21	0.63552	115.21	0.61946	70.79	0.38054	67.79	0.36448	0.63552	0.62556	0.63023	0.62906	115.21	0.61946	118.21	0.63552	67.79	0.36448	70.79	0.38054	0.61946	0.62989	0.62433	0.62906	372
"WrapperSubsetEval(BayesNet)"	"PSOSearch"	"PART"	224.43	60.33069	147.57	39.66931	0.20662	0.39663	101.41	0.54529	123.02	0.66143	62.98	0.33857	84.59	0.45471	0.54529	0.61727	0.57881	0.60146	123.02	0.66143	101.41	0.54529	84.59	0.45471	62.98	0.33857	0.66143	0.59249	0.62489	0.60146	372
"WrapperSubsetEval(J48)"	"PSOSearch"	"PART"	222.69	59.86294	149.31	40.13706	0.19732	0.40141	99.94	0.5373	122.75	0.65995	63.25	0.34005	86.06	0.4627	0.5373	0.61303	0.57196	0.62694	122.75	0.65995	99.94	0.5373	86.06	0.4627	63.25	0.34005	0.65995	0.58813	0.62147	0.62694	372
"WrapperSubsetEval(KStar)"	"PSOSearch"	"PART"	216.1	58.09136	155.9	41.90864	0.16188	0.41914	87.33	0.46951	128.77	0.69236	57.23	0.30764	98.67	0.53049	0.46951	0.60501	0.52722	0.60531	128.77	0.69236	87.33	0.46951	98.67	0.53049	57.23	0.30764	0.69236	0.56657	0.62252	0.60531	372
"WrapperSubsetEval(LibSVM)"	"PSOSearch"	"PART"	222.81	59.89515	149.19	40.10485	0.19794	0.40101	67.75	0.36419	155.06	0.83366	30.94	0.16634	118.25	0.63581	0.36419	0.68847	0.4756	0.59538	155.06	0.83366	67.75	0.36419	118.25	0.63581	30.94	0.16634	0.83366	0.56731	0.67498	0.59538	372
"WrapperSubsetEval(PART)"	"PSOSearch"	"PART"	231.76	62.30107	140.24	37.69893	0.246	0.37701	117.4	0.63123	114.36	0.61485	71.64	0.38515	68.6	0.36877	0.63123	0.62106	0.62585	0.63915	114.36	0.61485	117.4	0.63123	68.6	0.36877	71.64	0.38515	0.61485	0.62547	0.61975	0.63915	372
"CfsSubsetEval"	"BestFirst"	"RandomForest"	230.29	61.90598	141.71	38.09402	0.23811	0.38093	110.52	0.59425	119.77	0.64393	66.23	0.35607	75.48	0.40575	0.59425	0.62524	0.60923	0.65724	119.77	0.64393	110.52	0.59425	75.48	0.40575	66.23	0.35607	0.64393	0.61367	0.62827	0.65723	372
"WrapperSubsetEval(BayesNet)"	"BestFirst"	"RandomForest"	233.83	62.85753	138.17	37.14247	0.25718	0.37144	102.37	0.55044	131.46	0.70678	54.54	0.29322	83.63	0.44956	0.55044	0.6524	0.59698	0.61871	131.46	0.70678	102.37	0.55044	83.63	0.44956	54.54	0.29322	0.70678	0.61124	0.6555	0.61871	372
"WrapperSubsetEval(J48)"	"BestFirst"	"RandomForest"	219.73	59.06724	152.27	40.93276	0.18141	0.40938	121.48	0.65309	98.25	0.52829	87.75	0.47171	64.52	0.34691	0.65309	0.58064	0.61467	0.63109	98.25	0.52829	121.48	0.65309	64.52	0.34691	87.75	0.47171	0.52829	0.60368	0.5633	0.63109	372
"WrapperSubsetEval(KStar)"	"BestFirst"	"RandomForest"	228.26	61.36029	143.74	38.63971	0.22722	0.38639	116.58	0.62683	111.68	0.60043	74.32	0.39957	69.42	0.37317	0.62683	0.6108	0.61855	0.65485	111.68	0.60043	116.58	0.62683	69.42	0.37317	74.32	0.39957	0.60043	0.61674	0.60836	0.65485	372
"WrapperSubsetEval(LibSVM)"	"BestFirst"	"RandomForest"	248.03	66.67468	123.97	33.32532	0.33349	0.3333	123.72	0.6652	124.31	0.66833	61.69	0.33167	62.28	0.3348	0.6652	0.66749	0.6662	0.73566	124.31	0.66833	123.72	0.6652	62.28	0.3348	61.69	0.33167	0.66833	0.66622	0.66717	0.73566	372
"WrapperSubsetEval(PART)"	"BestFirst"	"RandomForest"	223.58	60.10225	148.42	39.89775	0.20202	0.39901	122.69	0.65962	100.89	0.54249	85.11	0.45751	63.31	0.34038	0.65962	0.59049	0.62303	0.65192	100.89	0.54249	122.69	0.65962	63.31	0.34038	85.11	0.45751	0.54249	0.61452	0.57609	0.65191	372
"CfsSubsetEval"	"GreedyStepwise"	"RandomForest"	230.29	61.90598	141.71	38.09402	0.23811	0.38093	110.52	0.59425	119.77	0.64393	66.23	0.35607	75.48	0.40575	0.59425	0.62524	0.60923	0.65724	119.77	0.64393	110.52	0.59425	75.48	0.40575	66.23	0.35607	0.64393	0.61367	0.62827	0.65723	372
"WrapperSubsetEval(BayesNet)"	"GreedyStepwise"	"RandomForest"	233.83	62.85753	138.17	37.14247	0.25718	0.37144	102.37	0.55044	131.46	0.70678	54.54	0.29322	83.63	0.44956	0.55044	0.6524	0.59698	0.61871	131.46	0.70678	102.37	0.55044	83.63	0.44956	54.54	0.29322	0.70678	0.61124	0.6555	0.61871	372
"WrapperSubsetEval(J48)"	"GreedyStepwise"	"RandomForest"	219.73	59.06724	152.27	40.93276	0.18141	0.40938	121.48	0.65309	98.25	0.52829	87.75	0.47171	64.52	0.34691	0.65309	0.58064	0.61467	0.63109	98.25	0.52829	121.48	0.65309	64.52	0.34691	87.75	0.47171	0.52829	0.60368	0.5633	0.63109	372
"WrapperSubsetEval(KStar)"	"GreedyStepwise"	"RandomForest"	228.26	61.36029	143.74	38.63971	0.22722	0.38639	116.58	0.62683	111.68	0.60043	74.32	0.39957	69.42	0.37317	0.62683	0.6108	0.61855	0.65485	111.68	0.60043	116.58	0.62683	69.42	0.37317	74.32	0.39957	0.60043	0.61674	0.60836	0.65485	372
"WrapperSubsetEval(LibSVM)"	"GreedyStepwise"	"RandomForest"	247.13	66.43279	124.87	33.56721	0.32863	0.33567	127.18	0.6838	119.95	0.64491	66.05	0.35509	58.82	0.3162	0.6838	0.65838	0.67069	0.73964	119.95	0.64491	127.18	0.6838	58.82	0.3162	66.05	0.35509	0.64491	0.6711	0.65756	0.73964	372
"WrapperSubsetEval(PART)"	"GreedyStepwise"	"RandomForest"	223.58	60.10225	148.42	39.89775	0.20202	0.39901	122.69	0.65962	100.89	0.54249	85.11	0.45751	63.31	0.34038	0.65962	0.59049	0.62303	0.65192	100.89	0.54249	122.69	0.65962	63.31	0.34038	85.11	0.45751	0.54249	0.61452	0.57609	0.65191	372
"CfsSubsetEval"	"MultiObjectiveEvolutionarySearch"	"RandomForest"	230.29	61.90598	141.71	38.09402	0.23811	0.38093	110.52	0.59425	119.77	0.64393	66.23	0.35607	75.48	0.40575	0.59425	0.62524	0.60923	0.65724	119.77	0.64393	110.52	0.59425	75.48	0.40575	66.23	0.35607	0.64393	0.61367	0.62827	0.65723	372
"WrapperSubsetEval(BayesNet)"	"MultiObjectiveEvolutionarySearch"	"RandomForest"	233.94	62.88714	138.06	37.11286	0.2577	0.37119	113.8	0.61184	120.14	0.64597	65.86	0.35403	72.2	0.38816	0.61184	0.63337	0.62234	0.66301	120.14	0.64597	113.8	0.61184	72.2	0.38816	65.86	0.35403	0.64597	0.62479	0.63509	0.66302	372
"WrapperSubsetEval(J48)"	"MultiObjectiveEvolutionarySearch"	"RandomForest"	244.91	65.83597	127.09	34.16403	0.31673	0.34162	125.19	0.67312	119.72	0.64369	66.28	0.35631	60.81	0.32688	0.67312	0.65402	0.66326	0.70711	119.72	0.64369	125.19	0.67312	60.81	0.32688	66.28	0.35631	0.64369	0.66321	0.65315	0.70711	372
"WrapperSubsetEval(KStar)"	"MultiObjectiveEvolutionarySearch"	"RandomForest"	228.26	61.36029	143.74	38.63971	0.22722	0.38639	116.58	0.62683	111.68	0.60043	74.32	0.39957	69.42	0.37317	0.62683	0.6108	0.61855	0.65485	111.68	0.60043	116.58	0.62683	69.42	0.37317	74.32	0.39957	0.60043	0.61674	0.60836	0.65485	372
"WrapperSubsetEval(LibSVM)"	"MultiObjectiveEvolutionarySearch"	"RandomForest"	248.03	66.67468	123.97	33.32532	0.33349	0.3333	123.72	0.6652	124.31	0.66833	61.69	0.33167	62.28	0.3348	0.6652	0.66749	0.6662	0.73566	124.31	0.66833	123.72	0.6652	62.28	0.3348	61.69	0.33167	0.66833	0.66622	0.66717	0.73566	372
"WrapperSubsetEval(PART)"	"MultiObjectiveEvolutionarySearch"	"RandomForest"	244.91	65.83597	127.09	34.16403	0.31673	0.34162	125.19	0.67312	119.72	0.64369	66.28	0.35631	60.81	0.32688	0.67312	0.65402	0.66326	0.70711	119.72	0.64369	125.19	0.67312	60.81	0.32688	66.28	0.35631	0.64369	0.66321	0.65315	0.70711	372
"original"	"original"	"RandomForest"	231.49	62.22854	140.51	37.77146	0.24454	0.37773	119.38	0.64187	112.11	0.60275	73.89	0.39725	66.62	0.35813	0.64187	0.61776	0.6295	0.67655	112.11	0.60275	119.38	0.64187	66.62	0.35813	73.89	0.39725	0.60275	0.62728	0.61467	0.67655	372
"CfsSubsetEval"	"PSOSearch"	"RandomForest"	230.29	61.90598	141.71	38.09402	0.23811	0.38093	110.52	0.59425	119.77	0.64393	66.23	0.35607	75.48	0.40575	0.59425	0.62524	0.60923	0.65724	119.77	0.64393	110.52	0.59425	75.48	0.40575	66.23	0.35607	0.64393	0.61367	0.62827	0.65723	372
"WrapperSubsetEval(BayesNet)"	"PSOSearch"	"RandomForest"	233.83	62.85753	138.17	37.14247	0.25718	0.37144	102.37	0.55044	131.46	0.70678	54.54	0.29322	83.63	0.44956	0.55044	0.6524	0.59698	0.61871	131.46	0.70678	102.37	0.55044	83.63	0.44956	54.54	0.29322	0.70678	0.61124	0.6555	0.61871	372
"WrapperSubsetEval(J48)"	"PSOSearch"	"RandomForest"	249.41	67.04567	122.59	32.95433	0.34089	0.32954	129.77	0.69771	119.64	0.64325	66.36	0.35675	56.23	0.30229	0.69771	0.66169	0.67911	0.73178	119.64	0.64325	129.77	0.69771	56.23	0.30229	66.36	0.35675	0.64325	0.68051	0.66122	0.73178	372
"WrapperSubsetEval(KStar)"	"PSOSearch"	"RandomForest"	241.48	64.9139	130.52	35.0861	0.29827	0.35084	125.59	0.67524	115.89	0.6231	70.11	0.3769	60.41	0.32476	0.67524	0.64185	0.65803	0.71954	115.89	0.6231	125.59	0.67524	60.41	0.32476	70.11	0.3769	0.6231	0.65746	0.63962	0.71954	372
"WrapperSubsetEval(LibSVM)"	"PSOSearch"	"RandomForest"	247.13	66.43279	124.87	33.56721	0.32863	0.33567	127.18	0.6838	119.95	0.64491	66.05	0.35509	58.82	0.3162	0.6838	0.65838	0.67069	0.73964	119.95	0.64491	127.18	0.6838	58.82	0.3162	66.05	0.35509	0.64491	0.6711	0.65756	0.73964	372
"WrapperSubsetEval(PART)"	"PSOSearch"	"RandomForest"	233.19	62.68551	138.81	37.31449	0.25368	0.37318	113.19	0.60857	120	0.64517	66	0.35483	72.81	0.39143	0.60857	0.63162	0.61977	0.66122	120	0.64517	113.19	0.60857	72.81	0.39143	66	0.35483	0.64517	0.62254	0.63357	0.66121	372
