"Classifier"	"Gamma"	"Cost"	"Correct"	"Percentage.Correct"	"Incorrect"	"Percentage.Incorrect"	"Kappa"	"Error.Rate"	"True.Positives..BENIGN."	"True.Positive.Rate..BENIGN."	"True.Negatives..BENIGN."	"True.Negative.Rate..BENIGN."	"False.Positives..BENIGN."	"False.Positive.Rate..BENIGN."	"False.Negatives..BENIGN."	"False.Negative.Rate..BENIGN."	"Recall..BENIGN."	"Precision..BENIGN."	"F.Measure..BENIGN."	"ROC.Area..BENIGN."	"True.Positives..DELETERIOUS."	"True.Positive.Rate..DELETERIOUS."	"True.Negatives..DELETERIOUS."	"True.Negative.Rate..DELETERIOUS."	"False.Positives..DELETERIOUS."	"False.Positive.Rate..DELETERIOUS."	"False.Negatives..DELETERIOUS."	"False.Negative.Rate..DELETERIOUS."	"Recall..DELETERIOUS."	"Precision..DELETERIOUS."	"F.Measure..DELETERIOUS."	"ROC.Area..DELETERIOUS."	"Total.Instancies"
"LibSVM"	0	0.031	191.348	51.43762	180.652	48.56238	0.028788	0.485606	90.346	0.485714	101.002	0.54308	84.998	0.45692	95.654	0.514286	0.485714	0.515494	0.499614	0.514394	101.002	0.54308	90.346	0.485714	95.654	0.514286	84.998	0.45692	0.54308	0.513516	0.527384	0.514394	372
"LibSVM"	0.001	0.031	190.36	51.17202	181.64	48.82798	0.02354	0.48829	87.63	0.47108	102.73	0.55234	83.27	0.44766	98.37	0.52892	0.47108	0.51269	0.49101	0.51171	102.73	0.55234	87.63	0.47108	98.37	0.52892	83.27	0.44766	0.55234	0.51086	0.53069	0.51171	372
"LibSVM"	0.002	0.031	190.62	51.24193	181.38	48.75807	0.02495	0.48759	87.24	0.46901	103.38	0.55587	82.62	0.44413	98.76	0.53099	0.46901	0.51351	0.49019	0.51241	103.38	0.55587	87.24	0.46901	98.76	0.53099	82.62	0.44413	0.55587	0.51156	0.53264	0.51241	372
"LibSVM"	0.004	0.031	189.44	50.92473	182.56	49.07527	0.01852	0.49075	84.82	0.45596	104.62	0.5625	81.38	0.4375	101.18	0.54404	0.45596	0.51025	0.4816	0.50925	104.62	0.5625	84.82	0.45596	101.18	0.54404	81.38	0.4375	0.5625	0.50836	0.53405	0.50925	372
"LibSVM"	0.008	0.031	188.63	50.70697	183.37	49.29303	0.01419	0.49293	82.12	0.44146	106.51	0.57271	79.49	0.42729	103.88	0.55854	0.44146	0.50792	0.47243	0.50707	106.51	0.57271	82.12	0.44146	103.88	0.55854	79.49	0.42729	0.57271	0.50638	0.53735	0.50707	372
"LibSVM"	0.016	0.031	187.88	50.50537	184.12	49.49463	0.01009	0.49492	80.92	0.43499	106.96	0.57508	79.04	0.42492	105.08	0.56501	0.43499	0.50569	0.46772	0.50508	106.96	0.57508	80.92	0.43499	105.08	0.56501	79.04	0.42492	0.57508	0.50443	0.53743	0.50508	372
"LibSVM"	0.031	0.031	188.43	50.65324	183.57	49.34676	0.01308	0.4935	80.36	0.43199	108.07	0.58103	77.93	0.41897	105.64	0.56801	0.43199	0.50752	0.4667	0.5065	108.07	0.58103	80.36	0.43199	105.64	0.56801	77.93	0.41897	0.58103	0.50572	0.54073	0.5065	372
"LibSVM"	0.062	0.031	188.6	50.69891	183.4	49.30109	0.01405	0.49311	79.89	0.42948	108.71	0.58443	77.29	0.41557	106.11	0.57052	0.42948	0.50816	0.46543	0.50689	108.71	0.58443	79.89	0.42948	106.11	0.57052	77.29	0.41557	0.58443	0.50617	0.54248	0.50689	372
"LibSVM"	0.125	0.031	189.33	50.89511	182.67	49.10489	0.01792	0.49112	80.39	0.43212	108.94	0.58564	77.06	0.41436	105.61	0.56788	0.43212	0.5105	0.46799	0.50888	108.94	0.58564	80.39	0.43212	105.61	0.56788	77.06	0.41436	0.58564	0.50786	0.544	0.50888	372
"LibSVM"	0.25	0.031	189.19	50.85746	182.81	49.14254	0.01718	0.49143	80.21	0.43116	108.98	0.58584	77.02	0.41416	105.79	0.56884	0.43116	0.51008	0.46723	0.50857	108.98	0.58584	80.21	0.43116	105.79	0.56884	77.02	0.41416	0.58584	0.50748	0.5439	0.50857	372
"LibSVM"	0.5	0.031	188.49	50.66934	183.51	49.33066	0.01341	0.49339	79.44	0.42704	109.05	0.58619	76.95	0.41381	106.56	0.57296	0.42704	0.50785	0.46386	0.50661	109.05	0.58619	79.44	0.42704	106.56	0.57296	76.95	0.41381	0.58619	0.50591	0.54315	0.50661	372
"LibSVM"	1	0.031	187.98	50.53221	184.02	49.46779	0.01065	0.49467	78.88	0.42403	109.1	0.58644	76.9	0.41356	107.12	0.57597	0.42403	0.50623	0.46143	0.50533	109.1	0.58644	78.88	0.42403	107.12	0.57597	76.9	0.41356	0.58644	0.50462	0.54251	0.50533	372
"LibSVM"	2	0.031	187.46	50.39242	184.54	49.60758	0.00788	0.49608	78.34	0.42114	109.12	0.58655	76.88	0.41345	107.66	0.57886	0.42114	0.50457	0.45904	0.50392	109.12	0.58655	78.34	0.42114	107.66	0.57886	76.88	0.41345	0.58655	0.5034	0.54186	0.50392	372
"LibSVM"	4	0.031	187.11	50.29834	184.89	49.70166	0.00601	0.49704	77.92	0.41889	109.19	0.58691	76.81	0.41309	108.08	0.58111	0.41889	0.50348	0.45724	0.50296	109.19	0.58691	77.92	0.41889	108.08	0.58111	76.81	0.41309	0.58691	0.5026	0.54163	0.50296	372
"LibSVM"	8	0.031	186.19	50.05112	185.81	49.94888	0.00104	0.49948	76.6	0.41181	109.59	0.58895	76.41	0.41105	109.4	0.58819	0.41181	0.50043	0.45176	0.50052	109.59	0.58895	76.6	0.41181	109.4	0.58819	76.41	0.41105	0.58895	0.50047	0.54133	0.50052	372
"LibSVM"	0	0.062	217.668	58.512922	154.332	41.487078	0.170292	0.41484	88.176	0.474078	129.492	0.696204	56.508	0.303796	97.824	0.525922	0.474078	0.618846	0.530738	0.58516	129.492	0.696204	88.176	0.474078	97.824	0.525922	56.508	0.303796	0.696204	0.569436	0.623498	0.58516	372
"LibSVM"	0.001	0.062	215.11	57.8253	156.89	42.1747	0.15653	0.4217	84.34	0.45338	130.77	0.70311	55.23	0.29689	101.66	0.54662	0.45338	0.60545	0.51786	0.5783	130.77	0.70311	84.34	0.45338	101.66	0.54662	55.23	0.29689	0.70311	0.56254	0.62475	0.5783	372
"LibSVM"	0.002	0.062	208.79	56.12643	163.21	43.87357	0.12256	0.43869	91.78	0.49348	117.01	0.62915	68.99	0.37085	94.22	0.50652	0.49348	0.57126	0.52901	0.56131	117.01	0.62915	91.78	0.49348	94.22	0.50652	68.99	0.37085	0.62915	0.554	0.58888	0.56131	372
"LibSVM"	0.004	0.062	206.57	55.52956	165.43	44.47044	0.11063	0.44471	90.04	0.48406	116.53	0.62652	69.47	0.37348	95.96	0.51594	0.48406	0.56461	0.52093	0.55529	116.53	0.62652	90.04	0.48406	95.96	0.51594	69.47	0.37348	0.62652	0.54843	0.58477	0.55529	372
"LibSVM"	0.008	0.062	197.37	53.0565	174.63	46.9435	0.06114	0.46938	85.84	0.46147	111.53	0.59963	74.47	0.40037	100.16	0.53853	0.46147	0.53532	0.49553	0.53062	111.53	0.59963	85.84	0.46147	100.16	0.53853	74.47	0.40037	0.59963	0.52702	0.56089	0.53062	372
"LibSVM"	0.016	0.062	187.14	50.30645	184.86	49.69355	0.0062	0.497	80.4	0.4322	106.74	0.57399	79.26	0.42601	105.6	0.5678	0.4322	0.5035	0.46512	0.503	106.74	0.57399	80.4	0.4322	105.6	0.5678	79.26	0.42601	0.57399	0.50276	0.53588	0.503	372
"LibSVM"	0.031	0.062	188.08	50.55912	183.92	49.44088	0.01121	0.49446	80.24	0.43135	107.84	0.5798	78.16	0.4202	105.76	0.56865	0.43135	0.50641	0.46586	0.50554	107.84	0.5798	80.24	0.43135	105.76	0.56865	78.16	0.4202	0.5798	0.50493	0.53971	0.50554	372
"LibSVM"	0.062	0.062	188.6	50.69891	183.4	49.30109	0.01405	0.49311	79.89	0.42948	108.71	0.58443	77.29	0.41557	106.11	0.57052	0.42948	0.50816	0.46543	0.50689	108.71	0.58443	79.89	0.42948	106.11	0.57052	77.29	0.41557	0.58443	0.50617	0.54248	0.50689	372
"LibSVM"	0.125	0.062	189.33	50.89511	182.67	49.10489	0.01792	0.49112	80.39	0.43212	108.94	0.58564	77.06	0.41436	105.61	0.56788	0.43212	0.5105	0.46799	0.50888	108.94	0.58564	80.39	0.43212	105.61	0.56788	77.06	0.41436	0.58564	0.50786	0.544	0.50888	372
"LibSVM"	0.25	0.062	189.19	50.85746	182.81	49.14254	0.01718	0.49143	80.21	0.43116	108.98	0.58584	77.02	0.41416	105.79	0.56884	0.43116	0.51008	0.46723	0.50857	108.98	0.58584	80.21	0.43116	105.79	0.56884	77.02	0.41416	0.58584	0.50748	0.5439	0.50857	372
"LibSVM"	0.5	0.062	188.49	50.66934	183.51	49.33066	0.01341	0.49339	79.44	0.42704	109.05	0.58619	76.95	0.41381	106.56	0.57296	0.42704	0.50785	0.46386	0.50661	109.05	0.58619	79.44	0.42704	106.56	0.57296	76.95	0.41381	0.58619	0.50591	0.54315	0.50661	372
"LibSVM"	1	0.062	187.98	50.53221	184.02	49.46779	0.01065	0.49467	78.88	0.42403	109.1	0.58644	76.9	0.41356	107.12	0.57597	0.42403	0.50623	0.46143	0.50533	109.1	0.58644	78.88	0.42403	107.12	0.57597	76.9	0.41356	0.58644	0.50462	0.54251	0.50533	372
"LibSVM"	2	0.062	187.46	50.39242	184.54	49.60758	0.00788	0.49608	78.34	0.42114	109.12	0.58655	76.88	0.41345	107.66	0.57886	0.42114	0.50457	0.45904	0.50392	109.12	0.58655	78.34	0.42114	107.66	0.57886	76.88	0.41345	0.58655	0.5034	0.54186	0.50392	372
"LibSVM"	4	0.062	187.11	50.29834	184.89	49.70166	0.00601	0.49704	77.92	0.41889	109.19	0.58691	76.81	0.41309	108.08	0.58111	0.41889	0.50348	0.45724	0.50296	109.19	0.58691	77.92	0.41889	108.08	0.58111	76.81	0.41309	0.58691	0.5026	0.54163	0.50296	372
"LibSVM"	8	0.062	186.19	50.05112	185.81	49.94888	0.00104	0.49948	76.6	0.41181	109.59	0.58895	76.41	0.41105	109.4	0.58819	0.41181	0.50043	0.45176	0.50052	109.59	0.58895	76.6	0.41181	109.4	0.58819	76.41	0.41105	0.58895	0.50047	0.54133	0.50052	372
"LibSVM"	0	0.125	217.44	58.451668	154.56	41.548332	0.16903	0.41546	86.958	0.46753	130.482	0.701504	55.518	0.298496	99.042	0.53247	0.46753	0.61687	0.527336	0.58454	130.482	0.701504	86.958	0.46753	99.042	0.53247	55.518	0.298496	0.701504	0.568556	0.625864	0.58454	372
"LibSVM"	0.001	0.125	226.27	60.8253	145.73	39.1747	0.21648	0.39169	75.6	0.40657	150.67	0.81009	35.33	0.18991	110.4	0.59343	0.40657	0.68201	0.50925	0.60831	150.67	0.81009	75.6	0.40657	110.4	0.59343	35.33	0.18991	0.81009	0.57713	0.6741	0.60831	372
"LibSVM"	0.002	0.125	225.85	60.71241	146.15	39.28759	0.21424	0.3928	74	0.39781	151.85	0.81641	34.15	0.18359	112	0.60219	0.39781	0.68463	0.5032	0.6072	151.85	0.81641	74	0.39781	112	0.60219	34.15	0.18359	0.81641	0.57558	0.67514	0.6072	372
"LibSVM"	0.004	0.125	222.63	59.84676	149.37	40.15324	0.19697	0.40159	62.59	0.33646	160.04	0.86045	25.96	0.13955	123.41	0.66354	0.33646	0.70729	0.45594	0.59841	160.04	0.86045	62.59	0.33646	123.41	0.66354	25.96	0.13955	0.86045	0.56451	0.68177	0.59841	372
"LibSVM"	0.008	0.125	220.22	59.19897	151.78	40.80103	0.18396	0.40806	51.53	0.27704	168.69	0.90702	17.31	0.09298	134.47	0.72296	0.27704	0.74848	0.40426	0.59194	168.69	0.90702	51.53	0.27704	134.47	0.72296	17.31	0.09298	0.90702	0.5564	0.68968	0.59194	372
"LibSVM"	0.016	0.125	214.99	57.79312	157.01	42.20688	0.15592	0.422	44.03	0.23681	170.96	0.91907	15.04	0.08093	141.97	0.76319	0.23681	0.74557	0.35923	0.578	170.96	0.91907	44.03	0.23681	141.97	0.76319	15.04	0.08093	0.91907	0.54634	0.68529	0.578	372
"LibSVM"	0.031	0.125	218.95	58.85757	153.05	41.14243	0.17715	0.41146	44.01	0.23665	174.94	0.94045	11.06	0.05955	141.99	0.76335	0.23665	0.80005	0.36493	0.58854	174.94	0.94045	44.01	0.23665	141.99	0.76335	11.06	0.05955	0.94045	0.552	0.69565	0.58854	372
"LibSVM"	0.062	0.125	223.88	60.18285	148.12	39.81715	0.20364	0.39814	53	0.28497	170.88	0.91867	15.12	0.08133	133	0.71503	0.28497	0.78246	0.41649	0.60186	170.88	0.91867	53	0.28497	133	0.71503	15.12	0.08133	0.91867	0.56236	0.69754	0.60186	372
"LibSVM"	0.125	0.125	215.06	57.81189	156.94	42.18811	0.15624	0.42184	68.05	0.36584	147.01	0.79033	38.99	0.20967	117.95	0.63416	0.36584	0.64243	0.46366	0.57816	147.01	0.79033	68.05	0.36584	117.95	0.63416	38.99	0.20967	0.79033	0.55455	0.65124	0.57816	372
"LibSVM"	0.25	0.125	197.08	52.97852	174.92	47.02148	0.05956	0.47017	79.82	0.4291	117.26	0.63051	68.74	0.36949	106.18	0.5709	0.4291	0.53823	0.47679	0.52983	117.26	0.63051	79.82	0.4291	106.18	0.5709	68.74	0.36949	0.63051	0.52459	0.57228	0.52983	372
"LibSVM"	0.5	0.125	194.08	52.17204	177.92	47.82796	0.04352	0.47821	79.34	0.42649	114.74	0.61689	71.26	0.38311	106.66	0.57351	0.42649	0.52774	0.47109	0.52179	114.74	0.61689	79.34	0.42649	106.66	0.57351	71.26	0.38311	0.61689	0.51794	0.56276	0.52179	372
"LibSVM"	1	0.125	192.12	51.64515	179.88	48.35485	0.03299	0.48352	80.49	0.43269	111.63	0.60019	74.37	0.39981	105.51	0.56731	0.43269	0.51988	0.47215	0.51648	111.63	0.60019	80.49	0.43269	105.51	0.56731	74.37	0.39981	0.60019	0.51405	0.55373	0.51648	372
"LibSVM"	2	0.125	192.51	51.74998	179.49	48.25002	0.03505	0.48245	80.39	0.43214	112.12	0.60285	73.88	0.39715	105.61	0.56786	0.43214	0.52114	0.47244	0.51755	112.12	0.60285	80.39	0.43214	105.61	0.56786	73.88	0.39715	0.60285	0.51499	0.55544	0.51755	372
"LibSVM"	4	0.125	192.48	51.74191	179.52	48.25809	0.03488	0.48253	80.13	0.43077	112.35	0.60406	73.65	0.39594	105.87	0.56923	0.43077	0.52105	0.47152	0.51747	112.35	0.60406	80.13	0.43077	105.87	0.56923	73.65	0.39594	0.60406	0.51486	0.55581	0.51747	372
"LibSVM"	8	0.125	192.08	51.63438	179.92	48.36562	0.03273	0.48359	79.02	0.42478	113.06	0.6079	72.94	0.3921	106.98	0.57522	0.42478	0.52002	0.4675	0.51641	113.06	0.6079	79.02	0.42478	106.98	0.57522	72.94	0.3921	0.6079	0.51384	0.55688	0.51641	372
"LibSVM"	0	0.25	217.38	58.435516	154.62	41.564484	0.168742	0.415632	84.718	0.45546	132.662	0.713238	53.338	0.286762	101.282	0.54454	0.45546	0.61828	0.52182	0.584368	132.662	0.713238	84.718	0.45546	101.282	0.54454	53.338	0.286762	0.713238	0.56683	0.63048	0.584368	372
"LibSVM"	0.001	0.25	223.23	60.00812	148.77	39.99188	0.20015	0.39993	75.23	0.40453	148	0.79569	38	0.20431	110.77	0.59547	0.40453	0.66509	0.50286	0.60007	148	0.79569	75.23	0.40453	110.77	0.59547	38	0.20431	0.79569	0.57183	0.66553	0.60007	372
"LibSVM"	0.002	0.25	220.6	59.30112	151.4	40.69888	0.18604	0.40703	75.98	0.40853	144.62	0.77753	41.38	0.22247	110.02	0.59147	0.40853	0.64797	0.5009	0.59297	144.62	0.77753	75.98	0.40853	110.02	0.59147	41.38	0.22247	0.77753	0.56788	0.65638	0.59297	372
"LibSVM"	0.004	0.25	219.68	59.05376	152.32	40.94624	0.18112	0.40954	68.12	0.36623	151.56	0.81484	34.44	0.18516	117.88	0.63377	0.36623	0.66476	0.47207	0.59046	151.56	0.81484	68.12	0.36623	117.88	0.63377	34.44	0.18516	0.81484	0.56249	0.66548	0.59046	372
"LibSVM"	0.008	0.25	221.47	59.53493	150.53	40.46507	0.19072	0.40467	63.06	0.33899	158.41	0.85164	27.59	0.14836	122.94	0.66101	0.33899	0.69611	0.45581	0.59533	158.41	0.85164	63.06	0.33899	122.94	0.66101	27.59	0.14836	0.85164	0.56298	0.67787	0.59533	372
"LibSVM"	0.016	0.25	222.93	59.92746	149.07	40.07254	0.19856	0.40072	60.38	0.32458	162.55	0.87394	23.45	0.12606	125.62	0.67542	0.32458	0.72042	0.44734	0.59928	162.55	0.87394	60.38	0.32458	125.62	0.67542	23.45	0.12606	0.87394	0.56401	0.68563	0.59928	372
"LibSVM"	0.031	0.25	232.03	62.37366	139.97	37.62634	0.24749	0.37628	61.09	0.32843	170.94	0.91904	15.06	0.08096	124.91	0.67157	0.32843	0.80235	0.46587	0.62372	170.94	0.91904	61.09	0.32843	124.91	0.67157	15.06	0.08096	0.91904	0.57783	0.70953	0.62372	372
"LibSVM"	0.062	0.25	227.47	61.14784	144.53	38.85216	0.22303	0.38841	50.74	0.27279	176.73	0.95036	9.27	0.04964	135.26	0.72721	0.27279	0.84532	0.41237	0.61159	176.73	0.95036	50.74	0.27279	135.26	0.72721	9.27	0.04964	0.95036	0.56645	0.70979	0.61159	372
"LibSVM"	0.125	0.25	224.86	60.44634	147.14	39.55366	0.20889	0.39545	45.69	0.24563	179.17	0.96303	6.83	0.03697	140.31	0.75437	0.24563	0.86966	0.38294	0.60455	179.17	0.96303	45.69	0.24563	140.31	0.75437	6.83	0.03697	0.96303	0.56077	0.70898	0.60455	372
"LibSVM"	0.25	0.25	223.82	60.16669	148.18	39.83331	0.20336	0.39835	44.21	0.23768	179.61	0.96565	6.39	0.03435	141.79	0.76232	0.23768	0.87346	0.37349	0.60165	179.61	0.96565	44.21	0.23768	141.79	0.76232	6.39	0.03435	0.96565	0.55884	0.70801	0.60165	372
"LibSVM"	0.5	0.25	220.39	59.24462	151.61	40.75538	0.18491	0.40759	40.38	0.21711	180.01	0.96793	5.99	0.03207	145.62	0.78289	0.21711	0.87052	0.34727	0.59241	180.01	0.96793	40.38	0.21711	145.62	0.78289	5.99	0.03207	0.96793	0.55282	0.70374	0.59241	372
"LibSVM"	1	0.25	218.75	58.80382	153.25	41.19618	0.1761	0.412	38.5	0.20698	180.25	0.96922	5.75	0.03078	147.5	0.79302	0.20698	0.86964	0.33407	0.588	180.25	0.96922	38.5	0.20698	147.5	0.79302	5.75	0.03078	0.96922	0.54999	0.70177	0.588	372
"LibSVM"	2	0.25	216	58.06457	156	41.93543	0.16132	0.41934	35.98	0.19344	180.02	0.96796	5.98	0.03204	150.02	0.80656	0.19344	0.85888	0.31509	0.58066	180.02	0.96796	35.98	0.19344	150.02	0.80656	5.98	0.03204	0.96796	0.54554	0.69768	0.58066	372
"LibSVM"	4	0.25	214.66	57.70429	157.34	42.29571	0.15412	0.42297	34.24	0.18408	180.42	0.96992	5.58	0.03008	151.76	0.81592	0.18408	0.86277	0.30264	0.57703	180.42	0.96992	34.24	0.18408	151.76	0.81592	5.58	0.03008	0.96992	0.54323	0.69626	0.57703	372
"LibSVM"	8	0.25	212.72	57.18275	159.28	42.81725	0.14366	0.42817	30.43	0.16359	182.29	0.98003	3.71	0.01997	155.57	0.83641	0.16359	0.89778	0.27581	0.57183	182.29	0.98003	30.43	0.16359	155.57	0.83641	3.71	0.01997	0.98003	0.53963	0.69584	0.57183	372
"LibSVM"	0	0.5	217.106	58.361862	154.894	41.638138	0.16726	0.416406	84.532	0.454402	132.574	0.712784	53.426	0.287216	101.468	0.545598	0.454402	0.613914	0.521272	0.583594	132.574	0.712784	84.532	0.454402	101.468	0.545598	53.426	0.287216	0.712784	0.566518	0.630842	0.583594	372
"LibSVM"	0.001	0.5	214.76	57.73118	157.24	42.26882	0.15466	0.42269	81.14	0.43617	133.62	0.71845	52.38	0.28155	104.86	0.56383	0.43617	0.60824	0.50786	0.57731	133.62	0.71845	81.14	0.43617	104.86	0.56383	52.38	0.28155	0.71845	0.56027	0.62935	0.57731	372
"LibSVM"	0.002	0.5	211.6	56.88169	160.4	43.11831	0.1377	0.43119	83.92	0.45111	127.68	0.68644	58.32	0.31356	102.08	0.54889	0.45111	0.5902	0.51124	0.56881	127.68	0.68644	83.92	0.45111	102.08	0.54889	58.32	0.31356	0.68644	0.55568	0.6141	0.56881	372
"LibSVM"	0.004	0.5	211.56	56.87099	160.44	43.12901	0.13746	0.43127	79.86	0.42932	131.7	0.70804	54.3	0.29196	106.14	0.57068	0.42932	0.59542	0.4988	0.56873	131.7	0.70804	79.86	0.42932	106.14	0.57068	54.3	0.29196	0.70804	0.55375	0.62137	0.56873	372
"LibSVM"	0.008	0.5	221.46	59.53226	150.54	40.46774	0.19067	0.40468	89.04	0.47863	132.42	0.71198	53.58	0.28802	96.96	0.52137	0.47863	0.62436	0.54175	0.59532	132.42	0.71198	89.04	0.47863	96.96	0.52137	53.58	0.28802	0.71198	0.57735	0.63757	0.59532	372
"LibSVM"	0.016	0.5	229.91	61.80382	142.09	38.19618	0.23603	0.3819	93.29	0.50159	136.62	0.73452	49.38	0.26548	92.71	0.49841	0.50159	0.65386	0.56758	0.6181	136.62	0.73452	93.29	0.50159	92.71	0.49841	49.38	0.26548	0.73452	0.59577	0.65785	0.6181	372
"LibSVM"	0.031	0.5	241.65	64.95965	130.35	35.04035	0.29918	0.3504	89.63	0.48175	152.02	0.81728	33.98	0.18272	96.37	0.51825	0.48175	0.72532	0.57894	0.6496	152.02	0.81728	89.63	0.48175	96.37	0.51825	33.98	0.18272	0.81728	0.61202	0.69985	0.6496	372
"LibSVM"	0.062	0.5	252.19	67.79297	119.81	32.20703	0.35583	0.32215	91.02	0.48929	161.17	0.86647	24.83	0.13353	94.98	0.51071	0.48929	0.78586	0.60297	0.67785	161.17	0.86647	91.02	0.48929	94.98	0.51071	24.83	0.13353	0.86647	0.6292	0.72905	0.67785	372
"LibSVM"	0.125	0.5	257.77	69.29296	114.23	30.70704	0.38583	0.30708	86.84	0.46685	170.93	0.91896	15.07	0.08104	99.16	0.53315	0.46685	0.85205	0.60299	0.69292	170.93	0.91896	86.84	0.46685	99.16	0.53315	15.07	0.08104	0.91896	0.63293	0.74959	0.69292	372
"LibSVM"	0.25	0.5	261.94	70.41399	110.06	29.58601	0.40825	0.29583	86.71	0.46609	175.23	0.94205	10.77	0.05795	99.29	0.53391	0.46609	0.88951	0.61171	0.70417	175.23	0.94205	86.71	0.46609	99.29	0.53391	10.77	0.05795	0.94205	0.63837	0.76114	0.70417	372
"LibSVM"	0.5	0.5	264.28	71.04301	107.72	28.95699	0.42082	0.2896	87.76	0.47176	176.52	0.94909	9.48	0.05091	98.24	0.52824	0.47176	0.90241	0.6195	0.7104	176.52	0.94909	87.76	0.47176	98.24	0.52824	9.48	0.05091	0.94909	0.64255	0.76629	0.7104	372
"LibSVM"	1	0.5	263.11	70.72852	108.89	29.27148	0.41452	0.29274	84.55	0.45455	178.56	0.95994	7.44	0.04006	101.45	0.54545	0.45455	0.91905	0.60791	0.70726	178.56	0.95994	84.55	0.45455	101.45	0.54545	7.44	0.04006	0.95994	0.63789	0.76643	0.70726	372
"LibSVM"	2	0.5	255.99	68.81453	116.01	31.18547	0.37626	0.31179	76.47	0.41108	179.52	0.96514	6.48	0.03486	109.53	0.58892	0.41108	0.92172	0.56806	0.68821	179.52	0.96514	76.47	0.41108	109.53	0.58892	6.48	0.03486	0.96514	0.62133	0.75583	0.68821	372
"LibSVM"	4	0.5	245.61	66.02419	126.39	33.97581	0.32043	0.33977	65.42	0.35173	180.19	0.96891	5.81	0.03109	120.58	0.64827	0.35173	0.91806	0.50805	0.66023	180.19	0.96891	65.42	0.35173	120.58	0.64827	5.81	0.03109	0.96891	0.59918	0.74038	0.66023	372
"LibSVM"	8	0.5	239.97	64.50799	132.03	35.49201	0.29016	0.35495	57.96	0.31155	182.01	0.97822	3.99	0.02178	128.04	0.68845	0.31155	0.9352	0.4669	0.64505	182.01	0.97822	57.96	0.31155	128.04	0.68845	3.99	0.02178	0.97822	0.58725	0.73385	0.64505	372
"LibSVM"	0	1	215.378	57.897332	156.622	42.102668	0.157972	0.42101	84.798	0.455856	130.58	0.702072	55.42	0.297928	101.202	0.544144	0.455856	0.60509	0.5197	0.57899	130.58	0.702072	84.798	0.455856	101.202	0.544144	55.42	0.297928	0.702072	0.563394	0.624998	0.57899	372
"LibSVM"	0.001	1	211.51	56.85756	160.49	43.14244	0.13717	0.43138	92.79	0.49889	118.72	0.63835	67.28	0.36165	93.21	0.50111	0.49889	0.58002	0.53621	0.56862	118.72	0.63835	92.79	0.49889	93.21	0.50111	67.28	0.36165	0.63835	0.56006	0.59651	0.56862	372
"LibSVM"	0.002	1	202.13	54.33601	169.87	45.66399	0.08674	0.4566	90.01	0.48392	112.12	0.60283	73.88	0.39717	95.99	0.51608	0.48392	0.54939	0.51445	0.5434	112.12	0.60283	90.01	0.48392	95.99	0.51608	73.88	0.39717	0.60283	0.53879	0.56883	0.5434	372
"LibSVM"	0.004	1	205.83	55.33066	166.17	44.66934	0.1067	0.44671	93.99	0.50534	111.84	0.60131	74.16	0.39869	92.01	0.49466	0.50534	0.5589	0.53056	0.55329	111.84	0.60131	93.99	0.50534	92.01	0.49466	74.16	0.39869	0.60131	0.54878	0.57371	0.55329	372
"LibSVM"	0.008	1	222.93	59.92746	149.07	40.07254	0.19858	0.40074	104.74	0.56315	118.19	0.63551	67.81	0.36449	81.26	0.43685	0.56315	0.60703	0.58419	0.59926	118.19	0.63551	104.74	0.56315	81.26	0.43685	67.81	0.36449	0.63551	0.59268	0.61318	0.59926	372
"LibSVM"	0.016	1	231.36	62.19352	140.64	37.80648	0.24395	0.37815	106.89	0.57472	124.47	0.66919	61.53	0.33081	79.11	0.42528	0.57472	0.6347	0.60308	0.62185	124.47	0.66919	106.89	0.57472	79.11	0.42528	61.53	0.33081	0.66919	0.61158	0.639	0.62185	372
"LibSVM"	0.031	1	242.5	65.18811	129.5	34.81189	0.30373	0.34809	109.23	0.5873	133.27	0.71653	52.73	0.28347	76.77	0.4127	0.5873	0.67458	0.6277	0.65191	133.27	0.71653	109.23	0.5873	76.77	0.4127	52.73	0.28347	0.71653	0.63455	0.67296	0.65191	372
"LibSVM"	0.062	1	247.58	66.5538	124.42	33.4462	0.33103	0.3345	107.43	0.57759	140.15	0.75347	45.85	0.24653	78.57	0.42241	0.57759	0.70101	0.63319	0.6655	140.15	0.75347	107.43	0.57759	78.57	0.42241	45.85	0.24653	0.75347	0.6409	0.69255	0.6655	372
"LibSVM"	0.125	1	260.3	69.97309	111.7	30.02691	0.39946	0.30028	109.22	0.58725	151.08	0.81222	34.92	0.18778	76.78	0.41275	0.58725	0.75793	0.66178	0.69972	151.08	0.81222	109.22	0.58725	76.78	0.41275	34.92	0.18778	0.81222	0.66313	0.73007	0.69972	372
"LibSVM"	0.25	1	271.45	72.97046	100.55	27.02954	0.45937	0.27031	107.52	0.57805	163.93	0.88128	22.07	0.11872	78.48	0.42195	0.57805	0.82968	0.6813	0.72969	163.93	0.88128	107.52	0.57805	78.48	0.42195	22.07	0.11872	0.88128	0.67635	0.7654	0.72969	372
"LibSVM"	0.5	1	270.96	72.83868	101.04	27.16132	0.45669	0.27168	103.6	0.55702	167.36	0.89974	18.64	0.10026	82.4	0.44298	0.55702	0.84748	0.67203	0.72832	167.36	0.89974	103.6	0.55702	82.4	0.44298	18.64	0.10026	0.89974	0.67017	0.76815	0.72832	372
"LibSVM"	1	1	272.27	73.19081	99.73	26.80919	0.46373	0.26816	100.43	0.53998	171.84	0.92386	14.16	0.07614	85.57	0.46002	0.53998	0.87638	0.66805	0.73184	171.84	0.92386	100.43	0.53998	85.57	0.46002	14.16	0.07614	0.92386	0.66769	0.77516	0.73184	372
"LibSVM"	2	1	269.39	72.41667	102.61	27.58333	0.4483	0.27591	94.95	0.51052	174.44	0.9376	11.56	0.0624	91.05	0.48948	0.51052	0.89143	0.64899	0.72409	174.44	0.9376	94.95	0.51052	91.05	0.48948	11.56	0.0624	0.9376	0.65709	0.77288	0.72409	372
"LibSVM"	4	1	270.66	72.75802	101.34	27.24198	0.45515	0.27252	94.68	0.50896	175.98	0.94618	10.02	0.05382	91.32	0.49104	0.50896	0.9043	0.65128	0.72748	175.98	0.94618	94.68	0.50896	91.32	0.49104	10.02	0.05382	0.94618	0.65844	0.77652	0.72748	372
"LibSVM"	8	1	270.06	72.59675	101.94	27.40325	0.45189	0.27409	92.67	0.49819	177.39	0.95393	8.61	0.04607	93.33	0.50181	0.49819	0.91498	0.64508	0.72591	177.39	0.95393	92.67	0.49819	93.33	0.50181	8.61	0.04607	0.95393	0.65527	0.77681	0.72591	372
"LibSVM"	0	2	214.74	57.725836	157.26	42.274164	0.154536	0.422726	85.71	0.460738	129.03	0.693714	56.97	0.306286	100.29	0.539262	0.460738	0.60159	0.521452	0.577274	129.03	0.693714	85.71	0.460738	100.29	0.539262	56.97	0.306286	0.693714	0.562538	0.6211	0.577274	372
"LibSVM"	0.001	2	208.73	56.11018	163.27	43.88982	0.12224	0.4389	95.68	0.51446	113.05	0.60787	72.95	0.39213	90.32	0.48554	0.51446	0.56758	0.5395	0.5611	113.05	0.60787	95.68	0.51446	90.32	0.48554	72.95	0.39213	0.60787	0.55585	0.58052	0.5611	372
"LibSVM"	0.002	2	201.27	54.10484	170.73	45.89516	0.08217	0.45892	93.92	0.50497	107.35	0.57721	78.65	0.42279	92.08	0.49503	0.50497	0.54424	0.52374	0.54108	107.35	0.57721	93.92	0.50497	92.08	0.49503	78.65	0.42279	0.57721	0.53832	0.55695	0.54108	372
"LibSVM"	0.004	2	210.4	56.5591	161.6	43.4409	0.13124	0.43443	103.06	0.55419	107.34	0.57711	78.66	0.42289	82.94	0.44581	0.55419	0.56706	0.56032	0.56557	107.34	0.57711	103.06	0.55419	82.94	0.44581	78.66	0.42289	0.57711	0.56432	0.57049	0.56557	372
"LibSVM"	0.008	2	225.69	60.66943	146.31	39.33057	0.21338	0.39329	109.62	0.58939	116.07	0.62405	69.93	0.37595	76.38	0.41061	0.58939	0.61054	0.5997	0.60671	116.07	0.62405	109.62	0.58939	76.38	0.41061	69.93	0.37595	0.62405	0.6032	0.6134	0.60671	372
"LibSVM"	0.016	2	240.15	64.55637	131.85	35.44363	0.29116	0.35448	115.69	0.62201	124.46	0.66917	61.54	0.33083	70.31	0.37799	0.62201	0.65285	0.63694	0.64552	124.46	0.66917	115.69	0.62201	70.31	0.37799	61.54	0.33083	0.66917	0.63912	0.65371	0.64552	372
"LibSVM"	0.031	2	242.91	65.29838	129.09	34.70162	0.30593	0.34695	116.5	0.62638	126.41	0.67966	59.59	0.32034	69.5	0.37362	0.62638	0.66172	0.64345	0.65305	126.41	0.67966	116.5	0.62638	69.5	0.37362	59.59	0.32034	0.67966	0.64537	0.66193	0.65305	372
"LibSVM"	0.062	2	244.54	65.73646	127.46	34.26354	0.31473	0.34265	110.47	0.59395	134.07	0.72086	51.93	0.27914	75.53	0.40605	0.59395	0.68045	0.63409	0.65735	134.07	0.72086	110.47	0.59395	75.53	0.40605	51.93	0.27914	0.72086	0.6397	0.67774	0.65735	372
"LibSVM"	0.125	2	258.9	69.59677	113.1	30.40323	0.39186	0.30402	112.33	0.60394	146.57	0.78805	39.43	0.21195	73.67	0.39606	0.60394	0.74039	0.66524	0.69598	146.57	0.78805	112.33	0.60394	73.67	0.39606	39.43	0.21195	0.78805	0.66565	0.72151	0.69598	372
"LibSVM"	0.25	2	265.57	71.3898	106.43	28.6102	0.42778	0.28614	107.8	0.5796	157.77	0.84816	28.23	0.15184	78.2	0.4204	0.5796	0.79256	0.66939	0.71386	157.77	0.84816	107.8	0.5796	78.2	0.4204	28.23	0.15184	0.84816	0.66869	0.74777	0.71386	372
"LibSVM"	0.5	2	269.67	72.49193	102.33	27.50807	0.44977	0.27512	105.66	0.56816	164.01	0.88173	21.99	0.11827	80.34	0.43184	0.56816	0.82767	0.67368	0.72488	164.01	0.88173	105.66	0.56816	80.34	0.43184	21.99	0.11827	0.88173	0.67132	0.76227	0.72488	372
"LibSVM"	1	2	269.69	72.49734	102.31	27.50266	0.4499	0.27509	99.82	0.53671	169.87	0.91334	16.13	0.08666	86.18	0.46329	0.53671	0.86088	0.66108	0.72491	169.87	0.91334	99.82	0.53671	86.18	0.46329	16.13	0.08666	0.91334	0.66348	0.76849	0.72491	372
"LibSVM"	2	2	271.47	72.97578	100.53	27.02422	0.45947	0.27031	97.05	0.52185	174.42	0.93759	11.58	0.06241	88.95	0.47815	0.52185	0.89343	0.65866	0.72969	174.42	0.93759	97.05	0.52185	88.95	0.47815	11.58	0.06241	0.93759	0.66235	0.77636	0.72969	372
"LibSVM"	4	2	270.21	72.63709	101.79	27.36291	0.45273	0.27366	94.67	0.50891	175.54	0.94377	10.46	0.05623	91.33	0.49109	0.50891	0.90038	0.65019	0.72634	175.54	0.94377	94.67	0.50891	91.33	0.49109	10.46	0.05623	0.94377	0.65775	0.77532	0.72634	372
"LibSVM"	8	2	269.74	72.51072	102.26	27.48928	0.45018	0.27499	92.85	0.49916	176.89	0.95111	9.11	0.04889	93.15	0.50084	0.49916	0.9107	0.64483	0.72501	176.89	0.95111	92.85	0.49916	93.15	0.50084	9.11	0.04889	0.95111	0.65513	0.77582	0.72501	372
"LibSVM"	0	4	213.508	57.394654	158.492	42.605346	0.147922	0.426036	86.534	0.465196	126.974	0.682672	59.026	0.317328	99.466	0.534804	0.465196	0.595672	0.521746	0.573964	126.974	0.682672	86.534	0.465196	99.466	0.534804	59.026	0.317328	0.682672	0.560592	0.61527	0.573964	372
"LibSVM"	0.001	4	202.86	54.5323	169.14	45.4677	0.09071	0.45466	94.36	0.50736	108.5	0.58338	77.5	0.41662	91.64	0.49264	0.50736	0.54917	0.52724	0.54534	108.5	0.58338	94.36	0.50736	91.64	0.49264	77.5	0.41662	0.58338	0.54211	0.56183	0.54534	372
"LibSVM"	0.002	4	200.96	54.02155	171.04	45.97845	0.08048	0.4598	98.18	0.52788	102.78	0.55263	83.22	0.44737	87.82	0.47212	0.52788	0.54124	0.53431	0.5402	102.78	0.55263	98.18	0.52788	87.82	0.47212	83.22	0.44737	0.55263	0.53925	0.54575	0.5402	372
"LibSVM"	0.004	4	215.02	57.80115	156.98	42.19885	0.15602	0.42196	107.52	0.57807	107.5	0.578	78.5	0.422	78.48	0.42193	0.57807	0.57805	0.57786	0.57804	107.5	0.578	107.52	0.57807	78.48	0.42193	78.5	0.422	0.578	0.57816	0.57787	0.57804	372
"LibSVM"	0.008	4	234.02	62.90863	137.98	37.09137	0.25818	0.37092	117.56	0.63208	116.46	0.62611	69.54	0.37389	68.44	0.36792	0.63208	0.62837	0.63012	0.62908	116.46	0.62611	117.56	0.63208	68.44	0.36792	69.54	0.37389	0.62611	0.62988	0.62797	0.62908	372
"LibSVM"	0.016	4	238.83	64.20159	133.17	35.79841	0.28401	0.35802	117.16	0.6299	121.67	0.65414	64.33	0.34586	68.84	0.3701	0.6299	0.64561	0.63757	0.64198	121.67	0.65414	117.16	0.6299	68.84	0.3701	64.33	0.34586	0.65414	0.63873	0.64623	0.64198	372
"LibSVM"	0.031	4	244.35	65.68544	127.65	34.31456	0.31374	0.34318	117.76	0.63316	126.59	0.68067	59.41	0.31933	68.24	0.36684	0.63316	0.66477	0.64844	0.65682	126.59	0.68067	117.76	0.63316	68.24	0.36684	59.41	0.31933	0.68067	0.64984	0.66479	0.65682	372
"LibSVM"	0.062	4	246.65	66.30377	125.35	33.69623	0.32604	0.33695	112.18	0.60316	134.47	0.72297	51.53	0.27703	73.82	0.39684	0.60316	0.68547	0.64152	0.66305	134.47	0.72297	112.18	0.60316	73.82	0.39684	51.53	0.27703	0.72297	0.6456	0.68206	0.66305	372
"LibSVM"	0.125	4	256.95	69.07253	115.05	30.92747	0.38144	0.30925	111.92	0.60179	145.03	0.77974	40.97	0.22026	74.08	0.39821	0.60179	0.7321	0.6606	0.69075	145.03	0.77974	111.92	0.60179	74.08	0.39821	40.97	0.22026	0.77974	0.662	0.71598	0.69075	372
"LibSVM"	0.25	4	265.93	71.48657	106.07	28.51343	0.42971	0.28518	109.3	0.58764	156.63	0.84203	29.37	0.15797	76.7	0.41236	0.58764	0.78821	0.67325	0.71482	156.63	0.84203	109.3	0.58764	76.7	0.41236	29.37	0.15797	0.84203	0.67139	0.74708	0.71482	372
"LibSVM"	0.5	4	268.6	72.2043	103.4	27.7957	0.44404	0.27801	104.85	0.56376	163.75	0.88034	22.25	0.11966	81.15	0.43624	0.56376	0.82489	0.66971	0.72199	163.75	0.88034	104.85	0.56376	81.15	0.43624	22.25	0.11966	0.88034	0.66877	0.76004	0.72199	372
"LibSVM"	1	4	269.56	72.46239	102.44	27.53761	0.44923	0.27544	99.49	0.53494	170.07	0.91438	15.93	0.08562	86.51	0.46506	0.53494	0.86199	0.66006	0.72456	170.07	0.91438	99.49	0.53494	86.51	0.46506	15.93	0.08562	0.91438	0.66289	0.7685	0.72456	372
"LibSVM"	2	4	270.76	72.78495	101.24	27.21505	0.45569	0.27213	96.29	0.51775	174.47	0.93784	11.53	0.06216	89.71	0.48225	0.51775	0.89307	0.65533	0.72787	174.47	0.93784	96.29	0.51775	89.71	0.48225	11.53	0.06216	0.93784	0.66048	0.77512	0.72787	372
"LibSVM"	4	4	270.18	72.62902	101.82	27.37098	0.45258	0.27375	94.64	0.50875	175.54	0.94377	10.46	0.05623	91.36	0.49125	0.50875	0.90036	0.65004	0.72625	175.54	0.94377	94.64	0.50875	91.36	0.49125	10.46	0.05623	0.94377	0.65768	0.77526	0.72625	372
"LibSVM"	8	4	269.11	72.34136	102.89	27.65864	0.44677	0.27671	92.61	0.49788	176.5	0.94892	9.5	0.05108	93.39	0.50212	0.49788	0.90698	0.64281	0.72329	176.5	0.94892	92.61	0.49788	93.39	0.50212	9.5	0.05108	0.94892	0.65406	0.77442	0.72329	372
"LibSVM"	0	8	212.59	57.147888	159.41	42.852112	0.142988	0.428494	87.9	0.472546	124.69	0.670374	61.31	0.329626	98.1	0.527454	0.472546	0.59082	0.524016	0.571506	124.69	0.670374	87.9	0.472546	98.1	0.527454	61.31	0.329626	0.670374	0.559446	0.609298	0.571506	372
"LibSVM"	0.001	8	202.38	54.40326	169.62	45.59674	0.08812	0.456	94.98	0.51069	107.4	0.57745	78.6	0.42255	91.02	0.48931	0.51069	0.54721	0.52813	0.544	107.4	0.57745	94.98	0.51069	91.02	0.48931	78.6	0.42255	0.57745	0.54134	0.55866	0.544	372
"LibSVM"	0.002	8	204.11	54.86832	167.89	45.13168	0.09743	0.4513	102.47	0.5509	101.64	0.54648	84.36	0.45352	83.53	0.4491	0.5509	0.54845	0.54953	0.5487	101.64	0.54648	102.47	0.5509	83.53	0.4491	84.36	0.45352	0.54648	0.5489	0.54756	0.5487	372
"LibSVM"	0.004	8	222.43	59.79302	149.57	40.20698	0.19589	0.40212	114.38	0.61497	108.05	0.58101	77.95	0.41899	71.62	0.38503	0.61497	0.59478	0.60459	0.59788	108.05	0.58101	114.38	0.61497	71.62	0.38503	77.95	0.41899	0.58101	0.60146	0.59089	0.59788	372
"LibSVM"	0.008	8	234.67	63.08333	137.33	36.91667	0.26166	0.36915	119.07	0.64019	115.6	0.62154	70.4	0.37846	66.93	0.35981	0.64019	0.62854	0.63425	0.63085	115.6	0.62154	119.07	0.64019	66.93	0.35981	70.4	0.37846	0.62154	0.63337	0.62729	0.63085	372
"LibSVM"	0.016	8	235.74	63.37093	136.26	36.62907	0.26739	0.3663	118.1	0.63498	117.64	0.6325	68.36	0.3675	67.9	0.36502	0.63498	0.63347	0.63415	0.6337	117.64	0.6325	118.1	0.63498	67.9	0.36502	68.36	0.3675	0.6325	0.63409	0.63317	0.6337	372
"LibSVM"	0.031	8	247	66.39775	125	33.60225	0.32802	0.33607	120.79	0.64942	126.21	0.67856	59.79	0.32144	65.21	0.35058	0.64942	0.66895	0.65898	0.66393	126.21	0.67856	120.79	0.64942	65.21	0.35058	59.79	0.32144	0.67856	0.65941	0.66878	0.66393	372
"LibSVM"	0.062	8	247.06	66.4139	124.94	33.5861	0.32829	0.3359	111.53	0.59963	135.53	0.7287	50.47	0.2713	74.47	0.40037	0.59963	0.68865	0.64093	0.6641	135.53	0.7287	111.53	0.59963	74.47	0.40037	50.47	0.2713	0.7287	0.64546	0.68447	0.6641	372
"LibSVM"	0.125	8	255.88	68.78494	116.12	31.21506	0.37566	0.31215	113	0.60756	142.88	0.76811	43.12	0.23189	73	0.39244	0.60756	0.72395	0.66059	0.68785	142.88	0.76811	113	0.60756	73	0.39244	43.12	0.23189	0.76811	0.66187	0.71102	0.68785	372
"LibSVM"	0.25	8	264.15	71.00801	107.85	28.99199	0.42009	0.28993	108.35	0.58262	155.8	0.83761	30.2	0.16239	77.65	0.41738	0.58262	0.78206	0.66765	0.71007	155.8	0.83761	108.35	0.58262	77.65	0.41738	30.2	0.16239	0.83761	0.66744	0.74292	0.71007	372
"LibSVM"	0.5	8	268.57	72.19624	103.43	27.80376	0.4439	0.27809	104.61	0.56245	163.96	0.88145	22.04	0.11855	81.39	0.43755	0.56245	0.82593	0.66912	0.72191	163.96	0.88145	104.61	0.56245	81.39	0.43755	22.04	0.11855	0.88145	0.66837	0.76022	0.72191	372
"LibSVM"	1	8	269.64	72.4839	102.36	27.5161	0.44965	0.2752	99.47	0.53483	170.17	0.91488	15.83	0.08512	86.53	0.46517	0.53483	0.86271	0.66017	0.7248	170.17	0.91488	99.47	0.53483	86.53	0.46517	15.83	0.08512	0.91488	0.66297	0.76876	0.7248	372
"LibSVM"	2	8	270.52	72.72043	101.48	27.27957	0.4544	0.2728	96.02	0.51629	174.5	0.93799	11.5	0.06201	89.98	0.48371	0.51629	0.89303	0.65414	0.7272	174.5	0.93799	96.02	0.51629	89.98	0.48371	11.5	0.06201	0.93799	0.65988	0.77476	0.7272	372
"LibSVM"	4	8	270.39	72.68551	101.61	27.31449	0.45372	0.27318	94.85	0.50992	175.54	0.94377	10.46	0.05623	91.15	0.49008	0.50992	0.90057	0.65106	0.72682	175.54	0.94377	94.85	0.50992	91.15	0.49008	10.46	0.05623	0.94377	0.65822	0.77561	0.72682	372
"LibSVM"	8	8	268.55	72.19079	103.45	27.80921	0.44373	0.27822	92.05	0.49487	176.5	0.94892	9.5	0.05108	93.95	0.50513	0.49487	0.90645	0.64012	0.72178	176.5	0.94892	92.05	0.49487	93.95	0.50513	9.5	0.05108	0.94892	0.6526	0.77347	0.72178	372
"LibSVM"	0	16	212.05	57.002728	159.95	42.997272	0.140078	0.429958	89.088	0.478958	122.962	0.661134	63.038	0.338866	96.912	0.521042	0.478958	0.587778	0.526448	0.570042	122.962	0.661134	89.088	0.478958	96.912	0.521042	63.038	0.338866	0.661134	0.558914	0.604988	0.570042	372
"LibSVM"	0.001	16	203.12	54.60214	168.88	45.39786	0.09207	0.45393	96.83	0.52065	106.29	0.57154	79.71	0.42846	89.17	0.47935	0.52065	0.54848	0.53399	0.54607	106.29	0.57154	96.83	0.52065	89.17	0.47935	79.71	0.42846	0.57154	0.54384	0.55716	0.54607	372
"LibSVM"	0.002	16	207.54	55.79036	164.46	44.20964	0.11583	0.44207	106.14	0.57072	101.4	0.54523	84.6	0.45477	79.86	0.42928	0.57072	0.55655	0.56341	0.55793	101.4	0.54523	106.14	0.57072	79.86	0.42928	84.6	0.45477	0.54523	0.55944	0.55204	0.55793	372
"LibSVM"	0.004	16	229.44	61.67742	142.56	38.32258	0.23357	0.38315	119.26	0.64117	110.18	0.59239	75.82	0.40761	66.74	0.35883	0.64117	0.61143	0.62585	0.61685	110.18	0.59239	119.26	0.64117	66.74	0.35883	75.82	0.40761	0.59239	0.62285	0.60707	0.61685	372
"LibSVM"	0.008	16	233.87	62.86825	138.13	37.13175	0.25737	0.37137	118.73	0.63833	115.14	0.61905	70.86	0.38095	67.27	0.36167	0.63833	0.62641	0.63222	0.62863	115.14	0.61905	118.73	0.63833	67.27	0.36167	70.86	0.38095	0.61905	0.63116	0.62498	0.62863	372
"LibSVM"	0.016	16	238.74	64.17741	133.26	35.82259	0.28355	0.35825	119.18	0.64074	119.56	0.64279	66.44	0.35721	66.82	0.35926	0.64074	0.64219	0.64139	0.64175	119.56	0.64279	119.18	0.64074	66.82	0.35926	66.44	0.35721	0.64279	0.6415	0.6421	0.64175	372
"LibSVM"	0.031	16	250.41	67.3145	121.59	32.6855	0.34625	0.32687	124.1	0.66719	126.31	0.67909	59.69	0.32091	61.9	0.33281	0.66719	0.67531	0.67115	0.67313	126.31	0.67909	124.1	0.66719	61.9	0.33281	59.69	0.32091	0.67909	0.67119	0.67502	0.67313	372
"LibSVM"	0.062	16	245.69	66.04562	126.31	33.95438	0.32091	0.33952	111.56	0.59983	134.13	0.72112	51.87	0.27888	74.44	0.40017	0.59983	0.68286	0.63851	0.66048	134.13	0.72112	111.56	0.59983	74.44	0.40017	51.87	0.27888	0.72112	0.64318	0.67982	0.66048	372
"LibSVM"	0.125	16	254.39	68.3844	117.61	31.6156	0.36767	0.31617	112.32	0.60389	142.07	0.76382	43.93	0.23618	73.68	0.39611	0.60389	0.71899	0.65637	0.68383	142.07	0.76382	112.32	0.60389	73.68	0.39611	43.93	0.23618	0.76382	0.65861	0.70717	0.68383	372
"LibSVM"	0.25	16	264.1	70.99458	107.9	29.00542	0.41984	0.29008	108.15	0.58157	155.95	0.83842	30.05	0.16158	77.85	0.41843	0.58157	0.7826	0.66713	0.70992	155.95	0.83842	108.15	0.58157	77.85	0.41843	30.05	0.16158	0.83842	0.66709	0.74303	0.70992	372
"LibSVM"	0.5	16	268.59	72.20156	103.41	27.79844	0.44399	0.27807	104.45	0.5616	164.14	0.88242	21.86	0.11758	81.55	0.4384	0.5616	0.82693	0.66882	0.72193	164.14	0.88242	104.45	0.5616	81.55	0.4384	21.86	0.11758	0.88242	0.66822	0.76051	0.72193	372
"LibSVM"	1	16	267.98	72.03757	104.02	27.96243	0.44069	0.27968	97.68	0.52522	170.3	0.91555	15.7	0.08445	88.32	0.47478	0.52522	0.86152	0.65237	0.72032	170.3	0.91555	97.68	0.52522	88.32	0.47478	15.7	0.08445	0.91555	0.6586	0.76605	0.72032	372
"LibSVM"	2	16	270.45	72.70162	101.55	27.29838	0.45403	0.27302	95.9	0.51563	174.55	0.93826	11.45	0.06174	90.1	0.48437	0.51563	0.89331	0.65372	0.72698	174.55	0.93826	95.9	0.51563	90.1	0.48437	11.45	0.06174	0.93826	0.65966	0.77471	0.72698	372
"LibSVM"	4	16	270.19	72.63173	101.81	27.36827	0.45263	0.2737	94.65	0.50886	175.54	0.94377	10.46	0.05623	91.35	0.49114	0.50886	0.90038	0.65012	0.7263	175.54	0.94377	94.65	0.50886	91.35	0.49114	10.46	0.05623	0.94377	0.65775	0.77522	0.7263	372
"LibSVM"	8	16	268.5	72.17735	103.5	27.82265	0.44345	0.27835	92	0.49461	176.5	0.94892	9.5	0.05108	94	0.50539	0.49461	0.9064	0.63987	0.72165	176.5	0.94892	92	0.49461	94	0.50539	9.5	0.05108	0.94892	0.65247	0.7734	0.72165	372
"LibSVM"	0	32	211.576	56.8753	160.424	43.1247	0.137534	0.431214	90.432	0.48621	121.144	0.651332	64.856	0.348668	95.568	0.51379	0.48621	0.584528	0.52934	0.568786	121.144	0.651332	90.432	0.48621	95.568	0.51379	64.856	0.348668	0.651332	0.558692	0.600558	0.568786	372
"LibSVM"	0.001	32	202.27	54.37367	169.73	45.62633	0.08753	0.45631	100.19	0.53865	102.08	0.54884	83.92	0.45116	85.81	0.46135	0.53865	0.54418	0.54126	0.54369	102.08	0.54884	100.19	0.53865	85.81	0.46135	83.92	0.45116	0.54884	0.5433	0.54594	0.54369	372
"LibSVM"	0.002	32	214.81	57.74465	157.19	42.25535	0.15491	0.42251	110.98	0.5967	103.83	0.55823	82.17	0.44177	75.02	0.4033	0.5967	0.57462	0.58528	0.57749	103.83	0.55823	110.98	0.5967	75.02	0.4033	82.17	0.44177	0.55823	0.5806	0.56909	0.57749	372
"LibSVM"	0.004	32	230.54	61.97311	141.46	38.02689	0.23948	0.38029	120.42	0.64748	110.12	0.59207	75.88	0.40793	65.58	0.35252	0.64748	0.61357	0.62992	0.61971	110.12	0.59207	120.42	0.64748	65.58	0.35252	75.88	0.40793	0.59207	0.62683	0.60892	0.61971	372
"LibSVM"	0.008	32	233.95	62.88981	138.05	37.11019	0.2578	0.37109	120.76	0.64928	113.19	0.60859	72.81	0.39141	65.24	0.35072	0.64928	0.62395	0.63629	0.62891	113.19	0.60859	120.76	0.64928	65.24	0.35072	72.81	0.39141	0.60859	0.63438	0.62109	0.62891	372
"LibSVM"	0.016	32	242.07	65.07255	129.93	34.92745	0.30146	0.34928	122.77	0.66007	119.3	0.64137	66.7	0.35863	63.23	0.33993	0.66007	0.64804	0.65389	0.65072	119.3	0.64137	122.77	0.66007	63.23	0.33993	66.7	0.35863	0.64137	0.6536	0.64744	0.65072	372
"LibSVM"	0.031	32	251.16	67.51609	120.84	32.48391	0.35032	0.32485	123.79	0.66553	127.37	0.68479	58.63	0.31521	62.21	0.33447	0.66553	0.67871	0.67193	0.67515	127.37	0.68479	123.79	0.66553	62.21	0.33447	58.63	0.31521	0.68479	0.67189	0.67818	0.67515	372
"LibSVM"	0.062	32	244.28	65.66667	127.72	34.33333	0.31332	0.3433	112.19	0.60324	132.09	0.71019	53.91	0.28981	73.81	0.39676	0.60324	0.6757	0.63722	0.6567	132.09	0.71019	112.19	0.60324	73.81	0.39676	53.91	0.28981	0.71019	0.64156	0.67401	0.6567	372
"LibSVM"	0.125	32	253.44	68.12902	118.56	31.87098	0.36255	0.31875	112.04	0.60234	141.4	0.7602	44.6	0.2398	73.96	0.39766	0.60234	0.71543	0.65396	0.68125	141.4	0.7602	112.04	0.60234	73.96	0.39766	44.6	0.2398	0.7602	0.65665	0.70461	0.68125	372
"LibSVM"	0.25	32	263.28	70.77414	108.72	29.22586	0.41547	0.29225	108.06	0.58107	155.22	0.83447	30.78	0.16553	77.94	0.41893	0.58107	0.77836	0.66525	0.70775	155.22	0.83447	108.06	0.58107	77.94	0.41893	30.78	0.16553	0.83447	0.66579	0.74067	0.70775	372
"LibSVM"	0.5	32	266.78	71.71499	105.22	28.28501	0.43422	0.2829	102.53	0.55129	164.25	0.88302	21.75	0.11698	83.47	0.44871	0.55129	0.82502	0.66082	0.7171	164.25	0.88302	102.53	0.55129	83.47	0.44871	21.75	0.11698	0.88302	0.66315	0.75745	0.7171	372
"LibSVM"	1	32	269.3	72.39246	102.7	27.60754	0.44778	0.27614	98.66	0.53041	170.64	0.91738	15.36	0.08262	87.34	0.46959	0.53041	0.86528	0.65752	0.72386	170.64	0.91738	98.66	0.53041	87.34	0.46959	15.36	0.08262	0.91738	0.66155	0.76878	0.72386	372
"LibSVM"	2	32	269.91	72.55646	102.09	27.44354	0.45102	0.2745	95.34	0.51257	174.57	0.93836	11.43	0.06164	90.66	0.48743	0.51257	0.89293	0.65115	0.7255	174.57	0.93836	95.34	0.51257	90.66	0.48743	11.43	0.06164	0.93836	0.65826	0.77387	0.7255	372
"LibSVM"	4	32	270.23	72.64248	101.77	27.35752	0.45285	0.27359	94.69	0.50907	175.54	0.94377	10.46	0.05623	91.31	0.49093	0.50907	0.90042	0.6503	0.72641	175.54	0.94377	94.69	0.50907	91.31	0.49093	10.46	0.05623	0.94377	0.65785	0.77528	0.72641	372
"LibSVM"	8	32	267.83	71.99726	104.17	28.00274	0.43994	0.2801	91.33	0.49101	176.5	0.94892	9.5	0.05108	94.67	0.50899	0.49101	0.9058	0.63672	0.7199	176.5	0.94892	91.33	0.49101	94.67	0.50899	9.5	0.05108	0.94892	0.65096	0.7722	0.7199	372
"LibSVM"	0	64	211.578	56.875832	160.422	43.124168	0.13754	0.431218	91.906	0.494112	119.672	0.64342	66.328	0.35658	94.094	0.505888	0.494112	0.58276	0.53336	0.568782	119.672	0.64342	91.906	0.494112	94.094	0.505888	66.328	0.35658	0.64342	0.55956	0.597676	0.568782	372
"LibSVM"	0.001	64	204.54	54.98393	167.46	45.01607	0.09974	0.4502	103.75	0.55784	100.79	0.54193	85.21	0.45807	82.25	0.44216	0.55784	0.54905	0.55325	0.5498	100.79	0.54193	103.75	0.55784	82.25	0.44216	85.21	0.45807	0.54193	0.55068	0.54607	0.5498	372
"LibSVM"	0.002	64	223.22	60.00539	148.78	39.99461	0.20016	0.39996	115.76	0.62247	107.46	0.5778	78.54	0.4222	70.24	0.37753	0.62247	0.59583	0.60873	0.60004	107.46	0.5778	115.76	0.62247	70.24	0.37753	78.54	0.4222	0.5778	0.60482	0.59082	0.60004	372
"LibSVM"	0.004	64	230.49	61.95965	141.51	38.04035	0.23924	0.38041	121.69	0.65423	108.8	0.585	77.2	0.415	64.31	0.34577	0.65423	0.61191	0.63227	0.61959	108.8	0.585	121.69	0.65423	64.31	0.34577	77.2	0.415	0.585	0.62855	0.60587	0.61959	372
"LibSVM"	0.008	64	237.77	63.91664	134.23	36.08336	0.27836	0.36089	121.86	0.65518	115.91	0.6232	70.09	0.3768	64.14	0.34482	0.65518	0.635	0.64479	0.63911	115.91	0.6232	121.86	0.65518	64.14	0.34482	70.09	0.3768	0.6232	0.64377	0.63323	0.63911	372
"LibSVM"	0.016	64	245.28	65.93544	126.72	34.06456	0.31871	0.34068	124.24	0.66797	121.04	0.65077	64.96	0.34923	61.76	0.33203	0.66797	0.65683	0.66224	0.65932	121.04	0.65077	124.24	0.66797	61.76	0.33203	64.96	0.34923	0.65077	0.66223	0.65635	0.65932	372
"LibSVM"	0.031	64	248.05	66.68009	123.95	33.31991	0.33354	0.33318	122.05	0.65623	126	0.67742	60	0.32258	63.95	0.34377	0.65623	0.6705	0.6632	0.66682	126	0.67742	122.05	0.65623	63.95	0.34377	60	0.32258	0.67742	0.66336	0.67024	0.66682	372
"LibSVM"	0.062	64	242.54	65.19891	129.46	34.80109	0.30397	0.34804	111.96	0.60195	130.58	0.70208	55.42	0.29792	74.04	0.39805	0.60195	0.66917	0.6336	0.65196	130.58	0.70208	111.96	0.60195	74.04	0.39805	55.42	0.29792	0.70208	0.63824	0.6685	0.65196	372
"LibSVM"	0.125	64	251.67	67.65317	120.33	32.34683	0.35303	0.32349	111.58	0.59993	140.09	0.75315	45.91	0.24685	74.42	0.40007	0.59993	0.70863	0.64957	0.67651	140.09	0.75315	111.58	0.59993	74.42	0.40007	45.91	0.24685	0.75315	0.65323	0.69955	0.67651	372
"LibSVM"	0.25	64	261.17	70.207	110.83	29.793	0.40409	0.29791	106.59	0.57312	154.58	0.83108	31.42	0.16892	79.41	0.42688	0.57312	0.7724	0.65786	0.70209	154.58	0.83108	106.59	0.57312	79.41	0.42688	31.42	0.16892	0.83108	0.66072	0.73616	0.70209	372
"LibSVM"	0.5	64	266.94	71.75801	105.06	28.24199	0.43509	0.28247	102.46	0.55093	164.48	0.88424	21.52	0.11576	83.54	0.44907	0.55093	0.82646	0.661	0.71753	164.48	0.88424	102.46	0.55093	83.54	0.44907	21.52	0.11576	0.88424	0.66324	0.758	0.71753	372
"LibSVM"	1	64	269.71	72.50269	102.29	27.49731	0.44996	0.27504	98.63	0.53025	171.08	0.91975	14.92	0.08025	87.37	0.46975	0.53025	0.8686	0.65835	0.72496	171.08	0.91975	98.63	0.53025	87.37	0.46975	14.92	0.08025	0.91975	0.66207	0.76995	0.72496	372
"LibSVM"	2	64	270.21	72.6371	101.79	27.3629	0.45267	0.27371	95.64	0.51422	174.57	0.93836	11.43	0.06164	90.36	0.48578	0.51422	0.89326	0.65252	0.72629	174.57	0.93836	95.64	0.51422	90.36	0.48578	11.43	0.06164	0.93836	0.659	0.77434	0.72629	372
"LibSVM"	4	64	270.16	72.62365	101.84	27.37635	0.45244	0.2738	94.62	0.5087	175.54	0.94377	10.46	0.05623	91.38	0.4913	0.5087	0.90034	0.64998	0.7262	175.54	0.94377	94.62	0.5087	91.38	0.4913	10.46	0.05623	0.94377	0.65767	0.77518	0.7262	372
"LibSVM"	8	64	268.01	72.04564	103.99	27.95436	0.4409	0.27965	91.52	0.49203	176.49	0.94886	9.51	0.05114	94.48	0.50797	0.49203	0.90589	0.6376	0.72035	176.49	0.94886	91.52	0.49203	94.48	0.50797	9.51	0.05114	0.94886	0.65139	0.77253	0.72035	372
"LibSVM"	0	128	211.864	56.9527	160.136	43.0473	0.139078	0.430456	93.31	0.501684	118.554	0.637414	67.446	0.362586	92.69	0.498316	0.501684	0.582194	0.537534	0.569544	118.554	0.637414	93.31	0.501684	92.69	0.498316	67.446	0.362586	0.637414	0.561052	0.595914	0.569544	372
"LibSVM"	0.001	128	207.21	55.70164	164.79	44.29836	0.114	0.44292	106.13	0.57059	101.08	0.5435	84.92	0.4565	79.87	0.42941	0.57059	0.55557	0.56286	0.55708	101.08	0.5435	106.13	0.57059	79.87	0.42941	84.92	0.4565	0.5435	0.55867	0.55076	0.55708	372
"LibSVM"	0.002	128	227.81	61.2393	144.19	38.7607	0.22476	0.38763	118.35	0.63632	109.46	0.58857	76.54	0.41143	67.65	0.36368	0.63632	0.60743	0.6214	0.61237	109.46	0.58857	118.35	0.63632	67.65	0.36368	76.54	0.41143	0.58857	0.61804	0.60279	0.61237	372
"LibSVM"	0.004	128	231	62.09678	141	37.90322	0.24195	0.37904	120.89	0.64996	110.11	0.59204	75.89	0.40796	65.11	0.35004	0.64996	0.61442	0.63167	0.62096	110.11	0.59204	120.89	0.64996	65.11	0.35004	75.89	0.40796	0.59204	0.62842	0.6096	0.62096	372
"LibSVM"	0.008	128	238.58	64.13442	133.42	35.86558	0.28264	0.35869	122.81	0.66027	115.77	0.62243	70.23	0.37757	63.19	0.33973	0.66027	0.63636	0.64807	0.64131	115.77	0.62243	122.81	0.66027	63.19	0.33973	70.23	0.37757	0.62243	0.64683	0.63436	0.64131	372
"LibSVM"	0.016	128	246.49	66.26071	125.51	33.73929	0.32519	0.33736	124.41	0.6689	122.08	0.65638	63.92	0.34362	61.59	0.3311	0.6689	0.66067	0.66465	0.66264	122.08	0.65638	124.41	0.6689	61.59	0.3311	63.92	0.34362	0.65638	0.66476	0.66042	0.66264	372
"LibSVM"	0.031	128	245.9	66.10215	126.1	33.89785	0.32202	0.33894	120.67	0.64877	125.23	0.67328	60.77	0.32672	65.33	0.35123	0.64877	0.66515	0.6568	0.66106	125.23	0.67328	120.67	0.64877	65.33	0.35123	60.77	0.32672	0.67328	0.65722	0.6651	0.66106	372
"LibSVM"	0.062	128	242.22	65.11287	129.78	34.88713	0.30228	0.34889	110.9	0.5963	131.32	0.70601	54.68	0.29399	75.1	0.4037	0.5963	0.67002	0.63081	0.65111	131.32	0.70601	110.9	0.5963	75.1	0.4037	54.68	0.29399	0.70601	0.63628	0.66916	0.65111	372
"LibSVM"	0.125	128	250.74	67.40319	121.26	32.59681	0.34801	0.32602	110.27	0.5929	140.47	0.75522	45.53	0.24478	75.73	0.4071	0.5929	0.70796	0.64512	0.67398	140.47	0.75522	110.27	0.5929	75.73	0.4071	45.53	0.24478	0.75522	0.64985	0.6985	0.67398	372
"LibSVM"	0.25	128	261.06	70.17745	110.94	29.82255	0.40351	0.29818	105.99	0.56991	155.07	0.83368	30.93	0.16632	80.01	0.43009	0.56991	0.77421	0.65635	0.70182	155.07	0.83368	105.99	0.56991	80.01	0.43009	30.93	0.16632	0.83368	0.65979	0.73659	0.70182	372
"LibSVM"	0.5	128	267.23	71.83596	104.77	28.16404	0.43666	0.28175	102.28	0.55001	164.95	0.88676	21.05	0.11324	83.72	0.44999	0.55001	0.82933	0.66122	0.71825	164.95	0.88676	102.28	0.55001	83.72	0.44999	21.05	0.11324	0.88676	0.66339	0.75904	0.71825	372
"LibSVM"	1	128	269.73	72.50805	102.27	27.49195	0.45009	0.27499	98.55	0.52984	171.18	0.92027	14.82	0.07973	87.45	0.47016	0.52984	0.86929	0.65819	0.72501	171.18	0.92027	98.55	0.52984	87.45	0.47016	14.82	0.07973	0.92027	0.66201	0.77007	0.72501	372
"LibSVM"	2	128	270.25	72.64784	101.75	27.35216	0.45292	0.27358	95.73	0.5147	174.52	0.93811	11.48	0.06189	90.27	0.4853	0.5147	0.89291	0.65284	0.72642	174.52	0.93811	95.73	0.5147	90.27	0.4853	11.48	0.06189	0.93811	0.65917	0.77433	0.72642	372
"LibSVM"	4	128	269.41	72.42205	102.59	27.57795	0.44843	0.27586	93.89	0.50484	175.52	0.94366	10.48	0.05634	92.11	0.49516	0.50484	0.8995	0.64661	0.72414	175.52	0.94366	93.89	0.50484	92.11	0.49516	10.48	0.05634	0.94366	0.65586	0.77393	0.72414	372
"LibSVM"	8	128	269.34	72.40321	102.66	27.59679	0.44803	0.27606	92.87	0.49931	176.47	0.94876	9.53	0.05124	93.13	0.50069	0.49931	0.90694	0.64395	0.72394	176.47	0.94876	92.87	0.49931	93.13	0.50069	9.53	0.05124	0.94876	0.65465	0.77477	0.72394	372
"LibSVM"	0	256	211.088	56.7441	160.912	43.2559	0.134896	0.432546	94.55	0.508352	116.538	0.626578	69.462	0.373422	91.45	0.491648	0.508352	0.577878	0.53956	0.567454	116.538	0.626578	94.55	0.508352	91.45	0.491648	69.462	0.373422	0.626578	0.560262	0.590696	0.567454	372
"LibSVM"	0.001	256	209.59	56.34142	162.41	43.65858	0.12688	0.43659	106.35	0.57175	103.24	0.55511	82.76	0.44489	79.65	0.42825	0.57175	0.56244	0.56692	0.56341	103.24	0.55511	106.35	0.57175	79.65	0.42825	82.76	0.44489	0.55511	0.5645	0.55952	0.56341	372
"LibSVM"	0.002	256	227.99	61.2877	144.01	38.7123	0.2257	0.38709	118.8	0.63872	109.19	0.58715	76.81	0.41285	67.2	0.36128	0.63872	0.60742	0.62254	0.61291	109.19	0.58715	118.8	0.63872	67.2	0.36128	76.81	0.41285	0.58715	0.61913	0.60249	0.61291	372
"LibSVM"	0.004	256	235.75	63.37367	136.25	36.62633	0.26746	0.36626	122.76	0.66	112.99	0.60751	73.01	0.39249	63.24	0.34	0.66	0.62723	0.6431	0.63374	112.99	0.60751	122.76	0.66	63.24	0.34	73.01	0.39249	0.60751	0.64117	0.62376	0.63374	372
"LibSVM"	0.008	256	242.92	65.30108	129.08	34.69892	0.30597	0.34698	123.35	0.6632	119.57	0.64292	66.43	0.35708	62.65	0.3368	0.6632	0.65014	0.65648	0.65302	119.57	0.64292	123.35	0.6632	62.65	0.3368	66.43	0.35708	0.64292	0.65618	0.64938	0.65302	372
"LibSVM"	0.016	256	247.36	66.4946	124.64	33.5054	0.32988	0.33509	124.97	0.67194	122.39	0.65801	63.61	0.34199	61.03	0.32806	0.67194	0.66284	0.66723	0.66491	122.39	0.65801	124.97	0.67194	61.03	0.32806	63.61	0.34199	0.65801	0.66737	0.66258	0.66491	372
"LibSVM"	0.031	256	244.03	65.5994	127.97	34.4006	0.31194	0.34394	116.95	0.62882	127.08	0.68328	58.92	0.31672	69.05	0.37118	0.62882	0.66521	0.64631	0.65606	127.08	0.68328	116.95	0.62882	69.05	0.37118	58.92	0.31672	0.68328	0.64798	0.66502	0.65606	372
"LibSVM"	0.062	256	242.83	65.27688	129.17	34.72312	0.30551	0.34724	110.3	0.59301	132.53	0.71254	53.47	0.28746	75.7	0.40699	0.59301	0.67371	0.63061	0.65276	132.53	0.71254	110.3	0.59301	75.7	0.40699	53.47	0.28746	0.71254	0.63651	0.67229	0.65276	372
"LibSVM"	0.125	256	250.22	67.26343	121.78	32.73657	0.34524	0.32739	109.97	0.59132	140.25	0.75406	45.75	0.24594	76.03	0.40868	0.59132	0.70634	0.64353	0.67261	140.25	0.75406	109.97	0.59132	76.03	0.40868	45.75	0.24594	0.75406	0.64857	0.69729	0.67261	372
"LibSVM"	0.25	256	261.68	70.34409	110.32	29.65591	0.40684	0.29653	105.96	0.56975	155.72	0.83718	30.28	0.16282	80.04	0.43025	0.56975	0.7778	0.65756	0.70347	155.72	0.83718	105.96	0.56975	80.04	0.43025	30.28	0.16282	0.83718	0.66061	0.73849	0.70347	372
"LibSVM"	0.5	256	268.29	72.12092	103.71	27.87908	0.44241	0.27886	103.01	0.55384	165.28	0.88849	20.72	0.11151	82.99	0.44616	0.55384	0.83258	0.66507	0.72114	165.28	0.88849	103.01	0.55384	82.99	0.44616	20.72	0.11151	0.88849	0.66579	0.7612	0.72114	372
"LibSVM"	1	256	269.69	72.4973	102.31	27.5027	0.44989	0.27509	98.59	0.53005	171.1	0.91985	14.9	0.08015	87.41	0.46995	0.53005	0.86871	0.6582	0.72491	171.1	0.91985	98.59	0.53005	87.41	0.46995	14.9	0.08015	0.91985	0.66203	0.76992	0.72491	372
"LibSVM"	2	256	270.41	72.69087	101.59	27.30913	0.45377	0.2731	96.02	0.51631	174.39	0.9374	11.61	0.0626	89.98	0.48369	0.51631	0.89214	0.65385	0.7269	174.39	0.9374	96.02	0.51631	89.98	0.48369	11.61	0.0626	0.9374	0.65971	0.77444	0.7269	372
"LibSVM"	4	256	269.32	72.39786	102.68	27.60214	0.44794	0.27611	93.89	0.50484	175.43	0.94316	10.57	0.05684	92.11	0.49516	0.50484	0.89874	0.6464	0.72389	175.43	0.94316	93.89	0.50484	92.11	0.49516	10.57	0.05684	0.94316	0.65576	0.7737	0.72389	372
"LibSVM"	8	256	270.5	72.71502	101.5	27.28498	0.45425	0.27294	92.69	0.4983	177.81	0.95604	8.19	0.04396	93.31	0.5017	0.4983	0.91878	0.64608	0.72706	177.81	0.95604	92.69	0.4983	93.31	0.5017	8.19	0.04396	0.95604	0.65591	0.778	0.72706	372
"LibSVM"	0	512	210.62	56.618302	161.38	43.381698	0.132394	0.433792	95.404	0.51294	115.216	0.61949	70.784	0.38051	90.596	0.48706	0.51294	0.575184	0.541178	0.566208	115.216	0.61949	95.404	0.51294	90.596	0.48706	70.784	0.38051	0.61949	0.559812	0.587332	0.566208	372
"LibSVM"	0.001	512	214.53	57.6694	157.47	42.3306	0.15341	0.42331	109.52	0.58886	105.01	0.56459	80.99	0.43541	76.48	0.41114	0.58886	0.57498	0.58171	0.57669	105.01	0.56459	109.52	0.58886	76.48	0.41114	80.99	0.43541	0.56459	0.57867	0.57138	0.57669	372
"LibSVM"	0.002	512	229.38	61.66133	142.62	38.33867	0.2332	0.38339	120.45	0.64759	108.93	0.58569	77.07	0.41431	65.55	0.35241	0.64759	0.61	0.62816	0.61661	108.93	0.58569	120.45	0.64759	65.55	0.35241	77.07	0.41431	0.58569	0.6243	0.6042	0.61661	372
"LibSVM"	0.004	512	238	63.97846	134	36.02154	0.27954	0.36026	123.94	0.66635	114.06	0.61331	71.94	0.38669	62.06	0.33365	0.66635	0.63285	0.64909	0.63974	114.06	0.61331	123.94	0.66635	62.06	0.33365	71.94	0.38669	0.61331	0.64763	0.62988	0.63974	372
"LibSVM"	0.008	512	243.59	65.4812	128.41	34.5188	0.30959	0.3452	122.08	0.65637	121.51	0.6533	64.49	0.3467	63.92	0.34363	0.65637	0.6545	0.65532	0.6548	121.51	0.6533	122.08	0.65637	63.92	0.34363	64.49	0.3467	0.6533	0.65532	0.65416	0.6548	372
"LibSVM"	0.016	512	247.31	66.48114	124.69	33.51886	0.32963	0.33521	125.01	0.6721	122.3	0.65759	63.7	0.34241	60.99	0.3279	0.6721	0.66247	0.66718	0.66479	122.3	0.65759	125.01	0.6721	60.99	0.3279	63.7	0.34241	0.65759	0.66735	0.66229	0.66479	372
"LibSVM"	0.031	512	243.41	65.43277	128.59	34.56723	0.30865	0.34565	115.29	0.6199	128.12	0.68882	57.88	0.31118	70.71	0.3801	0.6199	0.66597	0.64193	0.65435	128.12	0.68882	115.29	0.6199	70.71	0.3801	57.88	0.31118	0.68882	0.64441	0.66577	0.65435	372
"LibSVM"	0.062	512	243.48	65.45158	128.52	34.54842	0.30902	0.34554	110.01	0.59146	133.47	0.71758	52.53	0.28242	75.99	0.40854	0.59146	0.67705	0.63123	0.65446	133.47	0.71758	110.01	0.59146	75.99	0.40854	52.53	0.28242	0.71758	0.63726	0.67494	0.65446	372
"LibSVM"	0.125	512	250.28	67.27955	121.72	32.72045	0.34559	0.32727	109.28	0.5876	141	0.75803	45	0.24197	76.72	0.4124	0.5876	0.7085	0.64218	0.67273	141	0.75803	109.28	0.5876	76.72	0.4124	45	0.24197	0.75803	0.64776	0.6985	0.67273	372
"LibSVM"	0.25	512	262.6	70.5914	109.4	29.4086	0.41176	0.29407	105.92	0.56954	156.68	0.84229	29.32	0.15771	80.08	0.43046	0.56954	0.78324	0.65935	0.70593	156.68	0.84229	105.92	0.56954	80.08	0.43046	29.32	0.15771	0.84229	0.66182	0.74127	0.70593	372
"LibSVM"	0.5	512	268.09	72.06723	103.91	27.93277	0.4413	0.27934	102.67	0.55205	165.42	0.88922	20.58	0.11078	83.33	0.44795	0.55205	0.83299	0.66385	0.72066	165.42	0.88922	102.67	0.55205	83.33	0.44795	20.58	0.11078	0.88922	0.6651	0.76103	0.72066	372
"LibSVM"	1	512	269.39	72.41666	102.61	27.58334	0.44829	0.27589	98.65	0.53039	170.74	0.91796	15.26	0.08204	87.35	0.46961	0.53039	0.86604	0.65769	0.72411	170.74	0.91796	98.65	0.53039	87.35	0.46961	15.26	0.08204	0.91796	0.66167	0.76901	0.72411	372
"LibSVM"	2	512	270.27	72.65324	101.73	27.34676	0.45302	0.2735	96.33	0.51798	173.94	0.93496	12.06	0.06504	89.67	0.48202	0.51798	0.88878	0.65429	0.7265	173.94	0.93496	96.33	0.51798	89.67	0.48202	12.06	0.06504	0.93496	0.65988	0.77377	0.7265	372
"LibSVM"	4	512	269.67	72.4919	102.33	27.5081	0.44979	0.27519	93.89	0.50484	175.78	0.94503	10.22	0.05497	92.11	0.49516	0.50484	0.90179	0.64719	0.72481	175.78	0.94503	93.89	0.50484	92.11	0.49516	10.22	0.05497	0.94503	0.65616	0.77463	0.72481	372
"LibSVM"	8	512	268.15	72.08326	103.85	27.91674	0.44162	0.27918	95	0.51076	173.15	0.93103	12.85	0.06897	91	0.48924	0.51076	0.8854	0.6464	0.72082	173.15	0.93103	95	0.51076	91	0.48924	12.85	0.06897	0.93103	0.65561	0.769	0.72082	372
"LibSVM"	0	1024	210.47	56.577978	161.53	43.422022	0.131594	0.434192	96.26	0.517526	114.21	0.614052	71.79	0.385948	89.74	0.482474	0.517526	0.573984	0.543322	0.565808	114.21	0.614052	96.26	0.517526	89.74	0.482474	71.79	0.385948	0.614052	0.55985	0.584974	0.565808	372
"LibSVM"	0.001	1024	218.98	58.86562	153.02	41.13438	0.17727	0.41135	111.95	0.60184	107.03	0.57551	78.97	0.42449	74.05	0.39816	0.60184	0.58643	0.59393	0.58865	107.03	0.57551	111.95	0.60184	74.05	0.39816	78.97	0.42449	0.57551	0.59116	0.58306	0.58865	372
"LibSVM"	0.002	1024	233.24	62.69888	138.76	37.30112	0.25397	0.37305	123.17	0.66219	110.07	0.59183	75.93	0.40817	62.83	0.33781	0.66219	0.61882	0.63964	0.62695	110.07	0.59183	123.17	0.66219	62.83	0.33781	75.93	0.40817	0.59183	0.63663	0.61323	0.62695	372
"LibSVM"	0.004	1024	240.2	64.56985	131.8	35.43015	0.29142	0.3543	124.77	0.67087	115.43	0.62067	70.57	0.37933	61.23	0.32913	0.67087	0.63881	0.65436	0.6457	115.43	0.62067	124.77	0.67087	61.23	0.32913	70.57	0.37933	0.62067	0.65354	0.63654	0.6457	372
"LibSVM"	0.008	1024	243.59	65.48114	128.41	34.51886	0.30962	0.34526	120.89	0.64992	122.7	0.65967	63.3	0.34033	65.11	0.35008	0.64992	0.65644	0.65313	0.65474	122.7	0.65967	120.89	0.64992	65.11	0.35008	63.3	0.34033	0.65967	0.65341	0.65642	0.65474	372
"LibSVM"	0.016	1024	247.6	66.55915	124.4	33.44085	0.33115	0.33435	123.2	0.66235	124.4	0.66884	61.6	0.33116	62.8	0.33765	0.66235	0.6668	0.66448	0.66565	124.4	0.66884	123.2	0.66235	62.8	0.33765	61.6	0.33116	0.66884	0.66464	0.66662	0.66565	372
"LibSVM"	0.031	1024	241.6	64.9462	130.4	35.0538	0.29896	0.35055	112.18	0.60313	129.42	0.69582	56.58	0.30418	73.82	0.39687	0.60313	0.66496	0.63239	0.64945	129.42	0.69582	112.18	0.60313	73.82	0.39687	56.58	0.30418	0.69582	0.63685	0.66494	0.64945	372
"LibSVM"	0.062	1024	243.85	65.55107	128.15	34.44893	0.31096	0.34448	109.82	0.59046	134.03	0.72058	51.97	0.27942	76.18	0.40954	0.59046	0.67902	0.63144	0.65552	134.03	0.72058	109.82	0.59046	76.18	0.40954	51.97	0.27942	0.72058	0.63768	0.67645	0.65552	372
"LibSVM"	0.125	1024	251.36	67.56978	120.64	32.43022	0.3514	0.32438	109.21	0.58723	142.15	0.76425	43.85	0.23575	76.79	0.41277	0.58723	0.71363	0.64415	0.67562	142.15	0.76425	109.21	0.58723	76.79	0.41277	43.85	0.23575	0.76425	0.64937	0.70205	0.67562	372
"LibSVM"	0.25	1024	264.72	71.16127	107.28	28.83873	0.42315	0.28836	106.98	0.57514	157.74	0.848	28.26	0.152	79.02	0.42486	0.57514	0.79109	0.66593	0.71164	157.74	0.848	106.98	0.57514	79.02	0.42486	28.26	0.152	0.848	0.66632	0.74615	0.71164	372
"LibSVM"	0.5	1024	268.15	72.08332	103.85	27.91668	0.44159	0.27923	102.85	0.55303	165.3	0.88855	20.7	0.11145	83.15	0.44697	0.55303	0.83246	0.66436	0.72077	165.3	0.88855	102.85	0.55303	83.15	0.44697	20.7	0.11145	0.88855	0.66539	0.76099	0.72077	372
"LibSVM"	1	1024	269.1	72.33869	102.9	27.66131	0.44671	0.27663	98.82	0.53131	170.28	0.91545	15.72	0.08455	87.18	0.46869	0.53131	0.86281	0.65748	0.72337	170.28	0.91545	98.82	0.53131	87.18	0.46869	15.72	0.08455	0.91545	0.66151	0.76801	0.72337	372
"LibSVM"	2	1024	268.8	72.25802	103.2	27.74198	0.44511	0.2775	96.01	0.51626	172.79	0.92891	13.21	0.07109	89.99	0.48374	0.51626	0.87919	0.65025	0.7225	172.79	0.92891	96.01	0.51626	89.99	0.48374	13.21	0.07109	0.92891	0.65761	0.77004	0.7225	372
"LibSVM"	4	1024	264.58	71.12363	107.42	28.87637	0.42238	0.28875	99.4	0.53446	165.18	0.88804	20.82	0.11196	86.6	0.46554	0.53446	0.83033	0.64894	0.71125	165.18	0.88804	99.4	0.53446	86.6	0.46554	20.82	0.11196	0.88804	0.65616	0.75441	0.71125	372
"LibSVM"	8	1024	259.51	69.76073	112.49	30.23927	0.39517	0.30241	103.79	0.55805	155.72	0.83724	30.28	0.16276	82.21	0.44195	0.55805	0.78143	0.64845	0.69759	155.72	0.83724	103.79	0.55805	82.21	0.44195	30.28	0.16276	0.83724	0.65452	0.73365	0.69759	372
"LibSVM"	0	2048	210.456	56.574228	161.544	43.425772	0.131494	0.434208	97.066	0.52186	113.39	0.609666	72.61	0.390334	88.934	0.47814	0.52186	0.573408	0.545476	0.565792	113.39	0.609666	97.066	0.52186	88.934	0.47814	72.61	0.390334	0.609666	0.560168	0.583126	0.565792	372
"LibSVM"	0.001	2048	222.01	59.68015	149.99	40.31985	0.19365	0.40323	115.2	0.61939	106.81	0.5743	79.19	0.4257	70.8	0.38061	0.61939	0.5928	0.60558	0.59677	106.81	0.5743	115.2	0.61939	70.8	0.38061	79.19	0.4257	0.5743	0.60145	0.58735	0.59677	372
"LibSVM"	0.002	2048	236.52	63.58055	135.48	36.41945	0.27161	0.3642	125.45	0.67449	111.07	0.59723	74.93	0.40277	60.55	0.32551	0.67449	0.6262	0.64934	0.6358	111.07	0.59723	125.45	0.67449	60.55	0.32551	74.93	0.40277	0.59723	0.64736	0.62107	0.6358	372
"LibSVM"	0.004	2048	241.86	65.01609	130.14	34.98391	0.3003	0.3498	124.49	0.66933	117.37	0.63103	68.63	0.36897	61.51	0.33067	0.66933	0.64473	0.65672	0.6502	117.37	0.63103	124.49	0.66933	61.51	0.33067	68.63	0.36897	0.63103	0.65624	0.64324	0.6502	372
"LibSVM"	0.008	2048	245.24	65.92474	126.76	34.07526	0.31845	0.34073	122.2	0.65699	123.04	0.66153	62.96	0.33847	63.8	0.34301	0.65699	0.66	0.65842	0.65927	123.04	0.66153	122.2	0.65699	63.8	0.34301	62.96	0.33847	0.66153	0.65867	0.65994	0.65927	372
"LibSVM"	0.016	2048	248.81	66.88438	123.19	33.11562	0.33769	0.33114	120.98	0.65043	127.83	0.68725	58.17	0.31275	65.02	0.34957	0.65043	0.67552	0.66254	0.66886	127.83	0.68725	120.98	0.65043	65.02	0.34957	58.17	0.31275	0.68725	0.6629	0.6748	0.66886	372
"LibSVM"	0.031	2048	241.55	64.93279	130.45	35.06721	0.29865	0.35069	112.02	0.60229	129.53	0.69642	56.47	0.30358	73.98	0.39771	0.60229	0.66509	0.63198	0.64931	129.53	0.69642	112.02	0.60229	73.98	0.39771	56.47	0.30358	0.69642	0.63652	0.66506	0.64931	372
"LibSVM"	0.062	2048	243.72	65.5161	128.28	34.4839	0.31029	0.34482	109.17	0.58698	134.55	0.72337	51.45	0.27663	76.83	0.41302	0.58698	0.67991	0.62983	0.65518	134.55	0.72337	109.17	0.58698	76.83	0.41302	51.45	0.27663	0.72337	0.63658	0.67712	0.65518	372
"LibSVM"	0.125	2048	251.98	67.73651	120.02	32.26349	0.35475	0.32268	108.44	0.58308	143.54	0.77166	42.46	0.22834	77.56	0.41692	0.58308	0.71876	0.64377	0.67732	143.54	0.77166	108.44	0.58308	77.56	0.41692	42.46	0.22834	0.77166	0.6493	0.70515	0.67732	372
"LibSVM"	0.25	2048	264.45	71.08867	107.55	28.91133	0.42174	0.28912	106.92	0.57485	157.53	0.84685	28.47	0.15315	79.08	0.42515	0.57485	0.78979	0.66526	0.71088	157.53	0.84685	106.92	0.57485	79.08	0.42515	28.47	0.15315	0.84685	0.66582	0.74545	0.71088	372
"LibSVM"	0.5	2048	267.72	71.96772	104.28	28.03228	0.4393	0.28035	103.46	0.55627	164.26	0.88301	21.74	0.11699	82.54	0.44373	0.55627	0.82662	0.66481	0.71965	164.26	0.88301	103.46	0.55627	82.54	0.44373	21.74	0.11699	0.88301	0.66574	0.75909	0.71965	372
"LibSVM"	1	2048	268.94	72.2957	103.06	27.7043	0.44585	0.27705	100.16	0.53855	168.78	0.90745	17.22	0.09255	85.84	0.46145	0.53855	0.85404	0.66017	0.72295	168.78	0.90745	100.16	0.53855	85.84	0.46145	17.22	0.09255	0.90745	0.66296	0.76603	0.72295	372
"LibSVM"	2	2048	261.09	70.1854	110.91	29.8146	0.4037	0.29816	108.98	0.58593	152.11	0.8178	33.89	0.1822	77.02	0.41407	0.58593	0.7675	0.66245	0.70184	152.11	0.8178	108.98	0.58593	77.02	0.41407	33.89	0.1822	0.8178	0.66421	0.73213	0.70184	372
"LibSVM"	4	2048	225.68	60.66668	146.32	39.33332	0.21333	0.39335	148.36	0.79765	77.32	0.41566	108.68	0.58434	37.64	0.20235	0.79765	0.57825	0.66962	0.60665	77.32	0.41566	148.36	0.79765	37.64	0.20235	108.68	0.58434	0.41566	0.67422	0.51088	0.60665	372
"LibSVM"	8	2048	233.97	62.89523	138.03	37.10477	0.25788	0.37101	136.24	0.7325	97.73	0.52539	88.27	0.47461	49.76	0.2675	0.7325	0.60906	0.66359	0.62899	97.73	0.52539	136.24	0.7325	49.76	0.2675	88.27	0.47461	0.52539	0.66343	0.58343	0.62899	372
"LibSVM"	0	4096	210.916	56.697868	161.084	43.302132	0.133986	0.43299	97.514	0.524292	113.402	0.609726	72.598	0.390274	88.486	0.475708	0.524292	0.574296	0.54722	0.56701	113.402	0.609726	97.514	0.524292	88.486	0.475708	72.598	0.390274	0.609726	0.561644	0.583972	0.56701	372
"LibSVM"	0.001	4096	226.08	60.77424	145.92	39.22576	0.21548	0.39223	118.34	0.6363	107.74	0.57924	78.26	0.42076	67.66	0.3637	0.6363	0.602	0.61847	0.60777	107.74	0.57924	118.34	0.6363	67.66	0.3637	78.26	0.42076	0.57924	0.61438	0.59615	0.60777	372
"LibSVM"	0.002	4096	235.43	63.28763	136.57	36.71237	0.26575	0.36714	124.77	0.67082	110.66	0.59495	75.34	0.40505	61.23	0.32918	0.67082	0.62366	0.64617	0.63286	110.66	0.59495	124.77	0.67082	61.23	0.32918	75.34	0.40505	0.59495	0.64385	0.61832	0.63286	372
"LibSVM"	0.004	4096	241.98	65.04836	130.02	34.95164	0.30093	0.3495	122.57	0.65896	119.41	0.64196	66.59	0.35804	63.43	0.34104	0.65896	0.64815	0.65343	0.6505	119.41	0.64196	122.57	0.65896	63.43	0.34104	66.59	0.35804	0.64196	0.65305	0.64738	0.6505	372
"LibSVM"	0.008	4096	248.51	66.80375	123.49	33.19625	0.33609	0.33197	122.27	0.65739	126.24	0.67873	59.76	0.32127	63.73	0.34261	0.65739	0.67181	0.66437	0.66803	126.24	0.67873	122.27	0.65739	63.73	0.34261	59.76	0.32127	0.67873	0.66462	0.6715	0.66803	372
"LibSVM"	0.016	4096	247.7	66.58599	124.3	33.41401	0.33173	0.33412	118.48	0.63702	129.22	0.69475	56.78	0.30525	67.52	0.36298	0.63702	0.67621	0.65587	0.66588	129.22	0.69475	118.48	0.63702	67.52	0.36298	56.78	0.30525	0.69475	0.65684	0.67515	0.66588	372
"LibSVM"	0.031	4096	241.28	64.86014	130.72	35.13986	0.29718	0.35142	111.88	0.60152	129.4	0.69574	56.6	0.30426	74.12	0.39848	0.60152	0.66427	0.6311	0.64858	129.4	0.69574	111.88	0.60152	74.12	0.39848	56.6	0.30426	0.69574	0.63594	0.66435	0.64858	372
"LibSVM"	0.062	4096	244.68	65.77418	127.32	34.22582	0.31547	0.34225	109.07	0.58643	135.61	0.72909	50.39	0.27091	76.93	0.41357	0.58643	0.68424	0.63135	0.65775	135.61	0.72909	109.07	0.58643	76.93	0.41357	50.39	0.27091	0.72909	0.63806	0.68041	0.65775	372
"LibSVM"	0.125	4096	252.65	67.91656	119.35	32.08344	0.35832	0.32089	107.96	0.58052	144.69	0.7779	41.31	0.2221	78.04	0.41948	0.58052	0.72339	0.6441	0.67911	144.69	0.7779	107.96	0.58052	78.04	0.41948	41.31	0.2221	0.7779	0.64971	0.70796	0.67911	372
"LibSVM"	0.25	4096	263.92	70.9462	108.08	29.0538	0.41891	0.29058	107.06	0.57561	156.86	0.84328	29.14	0.15672	78.94	0.42439	0.57561	0.78626	0.66445	0.70942	156.86	0.84328	107.06	0.57561	78.94	0.42439	29.14	0.15672	0.84328	0.6653	0.74368	0.70942	372
"LibSVM"	0.5	4096	267.36	71.87094	104.64	28.12906	0.43742	0.28136	104.17	0.56011	163.19	0.87726	22.81	0.12274	81.83	0.43989	0.56011	0.821	0.66557	0.71864	163.19	0.87726	104.17	0.56011	81.83	0.43989	22.81	0.12274	0.87726	0.66614	0.75718	0.71864	372
"LibSVM"	1	4096	259.55	69.77149	112.45	30.22851	0.3954	0.30231	111.62	0.60014	147.93	0.79532	38.07	0.20468	74.38	0.39986	0.60014	0.74933	0.66483	0.69769	147.93	0.79532	111.62	0.60014	74.38	0.39986	38.07	0.20468	0.79532	0.66572	0.7239	0.69769	372
"LibSVM"	2	4096	216.72	58.25812	155.28	41.74188	0.16516	0.41739	162.76	0.87504	53.96	0.29009	132.04	0.70991	23.24	0.12496	0.87504	0.55239	0.67705	0.58261	53.96	0.29009	162.76	0.87504	23.24	0.12496	132.04	0.70991	0.29009	0.70051	0.40811	0.58261	372
"LibSVM"	4	4096	215.05	57.80916	156.95	42.19084	0.1562	0.42191	162.76	0.87503	52.29	0.28113	133.71	0.71887	23.24	0.12497	0.87503	0.54945	0.67462	0.57809	52.29	0.28113	162.76	0.87503	23.24	0.12497	133.71	0.71887	0.28113	0.69521	0.39674	0.57809	372
"LibSVM"	8	4096	216.95	58.31989	155.05	41.68011	0.16643	0.41677	156.53	0.84154	60.42	0.32488	125.58	0.67512	29.47	0.15846	0.84154	0.55575	0.6686	0.58323	60.42	0.32488	156.53	0.84154	29.47	0.15846	125.58	0.67512	0.32488	0.67572	0.43372	0.58323	372
"LibSVM"	0	8192	211.03	56.72853	160.97	43.27147	0.13461	0.432682	97.974	0.526768	113.056	0.60788	72.944	0.39212	88.026	0.473232	0.526768	0.574018	0.548494	0.567318	113.056	0.60788	97.974	0.526768	88.026	0.473232	72.944	0.39212	0.60788	0.562312	0.583498	0.567318	372
"LibSVM"	0.001	8192	230.23	61.8898	141.77	38.1102	0.23784	0.38112	120.78	0.64937	109.45	0.58845	76.55	0.41155	65.22	0.35063	0.64937	0.61218	0.63006	0.61888	109.45	0.58845	120.78	0.64937	65.22	0.35063	76.55	0.41155	0.58845	0.62671	0.60686	0.61888	372
"LibSVM"	0.002	8192	234.87	63.13709	137.13	36.86291	0.26275	0.36861	124.41	0.66885	110.46	0.59391	75.54	0.40609	61.59	0.33115	0.66885	0.62224	0.64461	0.63139	110.46	0.59391	124.41	0.66885	61.59	0.33115	75.54	0.40609	0.59391	0.64215	0.61692	0.63139	372
"LibSVM"	0.004	8192	243.17	65.36823	128.83	34.63177	0.30734	0.34633	122.27	0.65737	120.9	0.65009	65.1	0.34991	63.73	0.34263	0.65737	0.65269	0.65494	0.65367	120.9	0.65009	122.27	0.65737	63.73	0.34263	65.1	0.34991	0.65009	0.65484	0.65233	0.65367	372
"LibSVM"	0.008	8192	247.97	66.65855	124.03	33.34145	0.33318	0.33343	120.7	0.64891	127.27	0.68428	58.73	0.31572	65.3	0.35109	0.64891	0.67278	0.66058	0.66657	127.27	0.68428	120.7	0.64891	65.3	0.35109	58.73	0.31572	0.68428	0.66098	0.67231	0.66657	372
"LibSVM"	0.016	8192	247.51	66.53495	124.49	33.46505	0.33065	0.33468	118.26	0.63582	129.25	0.69493	56.75	0.30507	67.74	0.36418	0.63582	0.67591	0.65513	0.66532	129.25	0.69493	118.26	0.63582	67.74	0.36418	56.75	0.30507	0.69493	0.6562	0.6749	0.66532	372
"LibSVM"	0.031	8192	240.81	64.73384	131.19	35.26616	0.29469	0.35268	110.98	0.59673	129.83	0.69802	56.17	0.30198	75.02	0.40327	0.59673	0.66422	0.62843	0.64732	129.83	0.69802	110.98	0.59673	75.02	0.40327	56.17	0.30198	0.69802	0.63381	0.66431	0.64732	372
"LibSVM"	0.062	8192	246.62	66.29567	125.38	33.70433	0.32587	0.337	108.68	0.58433	137.94	0.74157	48.06	0.25843	77.32	0.41567	0.58433	0.6936	0.63413	0.663	137.94	0.74157	108.68	0.58433	77.32	0.41567	48.06	0.25843	0.74157	0.64086	0.68753	0.663	372
"LibSVM"	0.125	8192	253.46	68.13438	118.54	31.86562	0.36262	0.31862	109.07	0.58645	144.39	0.77627	41.61	0.22373	76.93	0.41355	0.58645	0.72402	0.64795	0.68138	144.39	0.77627	109.07	0.58645	76.93	0.41355	41.61	0.22373	0.77627	0.65252	0.70894	0.68138	372
"LibSVM"	0.25	8192	261.54	70.30644	110.46	29.69356	0.40607	0.297	108.08	0.58111	153.46	0.82504	32.54	0.17496	77.92	0.41889	0.58111	0.76923	0.66179	0.703	153.46	0.82504	108.08	0.58111	77.92	0.41889	32.54	0.17496	0.82504	0.66325	0.73523	0.703	372
"LibSVM"	0.5	8192	262.44	70.54841	109.56	29.45159	0.41093	0.29458	110.04	0.59165	152.4	0.81938	33.6	0.18062	75.96	0.40835	0.59165	0.76874	0.66757	0.70542	152.4	0.81938	110.04	0.59165	75.96	0.40835	33.6	0.18062	0.81938	0.66759	0.73519	0.70542	372
"LibSVM"	1	8192	217.82	58.55378	154.18	41.44622	0.17113	0.41447	162.04	0.87114	55.78	0.29987	130.22	0.70013	23.96	0.12886	0.87114	0.55468	0.67763	0.58553	55.78	0.29987	162.04	0.87114	23.96	0.12886	130.22	0.70013	0.29987	0.70059	0.41849	0.58553	372
"LibSVM"	2	8192	213.51	57.39523	158.49	42.60477	0.14793	0.42603	168.25	0.9045	45.26	0.24337	140.74	0.75663	17.75	0.0955	0.9045	0.54463	0.6798	0.57397	45.26	0.24337	168.25	0.9045	17.75	0.0955	140.74	0.75663	0.24337	0.71965	0.3624	0.57397	372
"LibSVM"	4	8192	208.85	56.14246	163.15	43.85754	0.12293	0.43861	171.09	0.91984	37.76	0.20308	148.24	0.79692	14.91	0.08016	0.91984	0.5361	0.67707	0.56139	37.76	0.20308	171.09	0.91984	14.91	0.08016	148.24	0.79692	0.20308	0.72201	0.31337	0.56139	372
"LibSVM"	8	8192	209.22	56.242	162.78	43.758	0.12481	0.43756	166.86	0.89709	42.36	0.22774	143.64	0.77226	19.14	0.10291	0.89709	0.53766	0.67205	0.56244	42.36	0.22774	166.86	0.89709	19.14	0.10291	143.64	0.77226	0.22774	0.69193	0.33994	0.56244	372
"LibSVM"	0	16384	211.688	56.905406	160.312	43.094594	0.138118	0.430892	98.502	0.529582	113.186	0.608568	72.814	0.391432	87.498	0.470418	0.529582	0.575414	0.55069	0.569108	113.186	0.608568	98.502	0.529582	87.498	0.470418	72.814	0.391432	0.608568	0.564338	0.584924	0.569108	372
"LibSVM"	0.001	16384	233.26	62.7043	138.74	37.2957	0.25405	0.37292	121.5	0.65329	111.76	0.6009	74.24	0.3991	64.5	0.34671	0.65329	0.62088	0.63654	0.62708	111.76	0.6009	121.5	0.65329	64.5	0.34671	74.24	0.3991	0.6009	0.63415	0.61689	0.62708	372
"LibSVM"	0.002	16384	236.64	63.6129	135.36	36.3871	0.27222	0.36387	124.83	0.67116	111.81	0.60115	74.19	0.39885	61.17	0.32884	0.67116	0.62723	0.64836	0.63613	111.81	0.60115	124.83	0.67116	61.17	0.32884	74.19	0.39885	0.60115	0.64666	0.62285	0.63613	372
"LibSVM"	0.004	16384	244.72	65.78492	127.28	34.21508	0.31571	0.34213	123.06	0.66165	121.66	0.65412	64.34	0.34588	62.94	0.33835	0.66165	0.65679	0.65907	0.65787	121.66	0.65412	123.06	0.66165	62.94	0.33835	64.34	0.34588	0.65412	0.65907	0.65647	0.65787	372
"LibSVM"	0.008	16384	247.96	66.65582	124.04	33.34418	0.33312	0.33347	119.84	0.64427	128.12	0.68885	57.88	0.31115	66.16	0.35573	0.64427	0.67455	0.65894	0.66653	128.12	0.68885	119.84	0.64427	66.16	0.35573	57.88	0.31115	0.68885	0.65951	0.67371	0.66653	372
"LibSVM"	0.016	16384	247.18	66.44626	124.82	33.55374	0.32889	0.33553	117.81	0.6334	129.37	0.69556	56.63	0.30444	68.19	0.3666	0.6334	0.67554	0.65366	0.66447	129.37	0.69556	117.81	0.6334	68.19	0.3666	56.63	0.30444	0.69556	0.65488	0.67455	0.66447	372
"LibSVM"	0.031	16384	241.52	64.92468	130.48	35.07532	0.29852	0.35078	110.61	0.5947	130.91	0.70386	55.09	0.29614	75.39	0.4053	0.5947	0.66779	0.62892	0.64922	130.91	0.70386	110.61	0.5947	75.39	0.4053	55.09	0.29614	0.70386	0.63465	0.66733	0.64922	372
"LibSVM"	0.062	16384	247.59	66.55639	124.41	33.44361	0.33108	0.33444	108.38	0.58274	139.21	0.74846	46.79	0.25154	77.62	0.41726	0.58274	0.69862	0.63528	0.66556	139.21	0.74846	108.38	0.58274	77.62	0.41726	46.79	0.25154	0.74846	0.64208	0.69109	0.66556	372
"LibSVM"	0.125	16384	252.77	67.94889	119.23	32.05111	0.35895	0.32053	110.14	0.59222	142.63	0.76683	43.37	0.23317	75.86	0.40778	0.59222	0.71776	0.64888	0.67947	142.63	0.76683	110.14	0.59222	75.86	0.40778	43.37	0.23317	0.76683	0.6529	0.70515	0.67947	372
"LibSVM"	0.25	16384	259.75	69.82525	112.25	30.17475	0.3964	0.30173	109.88	0.59078	149.87	0.80576	36.13	0.19424	76.12	0.40922	0.59078	0.75365	0.66186	0.69827	149.87	0.80576	109.88	0.59078	76.12	0.40922	36.13	0.19424	0.80576	0.66336	0.72736	0.69827	372
"LibSVM"	0.5	16384	231.08	62.11828	140.92	37.88172	0.24234	0.3788	146.3	0.78657	84.78	0.45581	101.22	0.54419	39.7	0.21343	0.78657	0.59194	0.6748	0.6212	84.78	0.45581	146.3	0.78657	39.7	0.21343	101.22	0.54419	0.45581	0.6822	0.54425	0.6212	372
"LibSVM"	1	16384	214.29	57.60487	157.71	42.39513	0.15214	0.42388	167.33	0.89953	46.96	0.25244	139.04	0.74756	18.67	0.10047	0.89953	0.54627	0.67966	0.57612	46.96	0.25244	167.33	0.89953	18.67	0.10047	139.04	0.74756	0.25244	0.71642	0.37245	0.57612	372
"LibSVM"	2	16384	208.25	55.98118	163.75	44.01882	0.11963	0.44022	172.9	0.92958	35.35	0.19004	150.65	0.80996	13.1	0.07042	0.92958	0.53459	0.67861	0.55978	35.35	0.19004	172.9	0.92958	13.1	0.07042	150.65	0.80996	0.19004	0.73325	0.29962	0.55978	372
"LibSVM"	4	16384	206.49	55.50812	165.51	44.49188	0.11018	0.44493	173.58	0.93327	32.91	0.17698	153.09	0.82302	12.42	0.06673	0.93327	0.53161	0.67718	0.55507	32.91	0.17698	173.58	0.93327	12.42	0.06673	153.09	0.82302	0.17698	0.73092	0.2819	0.55507	372
"LibSVM"	8	16384	206.62	55.54307	165.38	44.45693	0.11088	0.44461	166.99	0.89777	39.63	0.21309	146.37	0.78691	19.01	0.10223	0.89777	0.53314	0.66875	0.55539	39.63	0.21309	166.99	0.89777	19.01	0.10223	146.37	0.78691	0.21309	0.679	0.32159	0.55539	372
"LibSVM"	0	32768	212.672	57.169918	159.328	42.830082	0.143412	0.428292	99.52	0.535076	113.152	0.608366	72.848	0.391634	86.48	0.464924	0.535076	0.57746	0.554604	0.571708	113.152	0.608366	99.52	0.535076	86.48	0.464924	72.848	0.391634	0.608366	0.567452	0.586502	0.571708	372
"LibSVM"	0.001	32768	233.4	62.74195	138.6	37.25805	0.25483	0.3726	121.16	0.65139	112.24	0.60353	73.76	0.39647	64.84	0.34861	0.65139	0.62181	0.63611	0.6274	112.24	0.60353	121.16	0.65139	64.84	0.34861	73.76	0.39647	0.60353	0.63382	0.61809	0.6274	372
"LibSVM"	0.002	32768	240.21	64.57257	131.79	35.42743	0.29144	0.35429	125.8	0.6763	114.41	0.61514	71.59	0.38486	60.2	0.3237	0.6763	0.63734	0.6562	0.64571	114.41	0.61514	125.8	0.6763	60.2	0.3237	71.59	0.38486	0.61514	0.65546	0.63446	0.64571	372
"LibSVM"	0.004	32768	245.38	65.96238	126.62	34.03762	0.31922	0.34037	121.62	0.6539	123.76	0.66544	62.24	0.33456	64.38	0.3461	0.6539	0.66163	0.65767	0.65963	123.76	0.66544	121.62	0.6539	64.38	0.3461	62.24	0.33456	0.66544	0.65787	0.66151	0.65963	372
"LibSVM"	0.008	32768	247.8	66.61287	124.2	33.38713	0.33226	0.33389	119.57	0.64284	128.23	0.68943	57.77	0.31057	66.43	0.35716	0.64284	0.67441	0.65817	0.66611	128.23	0.68943	119.57	0.64284	66.43	0.35716	57.77	0.31057	0.68943	0.6588	0.67361	0.66611	372
"LibSVM"	0.016	32768	246.47	66.25538	125.53	33.74462	0.32505	0.33743	116.71	0.6275	129.76	0.69761	56.24	0.30239	69.29	0.3725	0.6275	0.675	0.65023	0.66257	129.76	0.69761	116.71	0.6275	69.29	0.3725	56.24	0.30239	0.69761	0.65196	0.67393	0.66257	372
"LibSVM"	0.031	32768	243.58	65.4785	128.42	34.5215	0.30953	0.34522	110.45	0.59383	133.13	0.71577	52.87	0.28423	75.55	0.40617	0.59383	0.67651	0.63232	0.65478	133.13	0.71577	110.45	0.59383	75.55	0.40617	52.87	0.28423	0.71577	0.63805	0.67457	0.65478	372
"LibSVM"	0.062	32768	248.42	66.77949	123.58	33.22051	0.33557	0.33219	109.67	0.58966	138.75	0.74598	47.25	0.25402	76.33	0.41034	0.58966	0.6991	0.63958	0.66781	138.75	0.74598	109.67	0.58966	76.33	0.41034	47.25	0.25402	0.74598	0.64519	0.69185	0.66781	372
"LibSVM"	0.125	32768	250.67	67.38439	121.33	32.61561	0.34765	0.32618	111.92	0.60178	138.75	0.74595	47.25	0.25405	74.08	0.39822	0.60178	0.70374	0.64838	0.67382	138.75	0.74595	111.92	0.60178	74.08	0.39822	47.25	0.25405	0.74595	0.65211	0.69567	0.67382	372
"LibSVM"	0.25	32768	250.17	67.25003	121.83	32.74997	0.345	0.32747	121.99	0.65588	128.18	0.68914	57.82	0.31086	64.01	0.34412	0.65588	0.67989	0.66682	0.67253	128.18	0.68914	121.99	0.65588	64.01	0.34412	57.82	0.31086	0.68914	0.66723	0.67723	0.67253	372
"LibSVM"	0.5	32768	216.91	58.30918	155.09	41.69082	0.16623	0.41692	163.8	0.88061	53.11	0.28554	132.89	0.71446	22.2	0.11939	0.88061	0.55224	0.67866	0.58308	53.11	0.28554	163.8	0.88061	22.2	0.11939	132.89	0.71446	0.28554	0.70547	0.40577	0.58308	372
"LibSVM"	1	32768	214	57.52689	158	42.47311	0.15061	0.42472	168.55	0.90617	45.45	0.24435	140.55	0.75565	17.45	0.09383	0.90617	0.54543	0.6809	0.57528	45.45	0.24435	168.55	0.90617	17.45	0.09383	140.55	0.75565	0.24435	0.72326	0.36433	0.57528	372
"LibSVM"	2	32768	205.56	55.25809	166.44	44.74191	0.10523	0.44743	175.64	0.94431	29.92	0.16092	156.08	0.83908	10.36	0.05569	0.94431	0.52966	0.67854	0.55257	29.92	0.16092	175.64	0.94431	10.36	0.05569	156.08	0.83908	0.16092	0.74421	0.26333	0.55257	372
"LibSVM"	4	32768	204.39	54.94359	167.61	45.05641	0.0989	0.45055	174.11	0.9361	30.28	0.16281	155.72	0.83719	11.89	0.0639	0.9361	0.52816	0.67508	0.54945	30.28	0.16281	174.11	0.9361	11.89	0.0639	155.72	0.83719	0.16281	0.7225	0.26279	0.54945	372
"LibSVM"	8	32768	206.34	55.46779	165.66	44.53221	0.1094	0.44536	166.99	0.89777	39.35	0.21158	146.65	0.78842	19.01	0.10223	0.89777	0.53267	0.66838	0.55464	39.35	0.21158	166.99	0.89777	19.01	0.10223	146.65	0.78842	0.21158	0.67726	0.31958	0.55464	372
